{
  "project_info": {
    "project_number": "367550987694",
    "firebase_url": "https://capitipalism.firebaseio.com",
    "project_id": "capitipalism",
    "storage_bucket": "capitipalism.appspot.com"
  },
  "client": [
    {
      "client_info": {
        "mobilesdk_app_id": "1:367550987694:android:195cc0655e9f253c4c9c3f",
        "android_client_info": {
          "package_name": "com.capitipalism"
        }
      },
      "oauth_client": [
        {
          "client_id": "367550987694-4135h69t0bj5pquhr3ggohbi5u96nrpg.apps.googleusercontent.com",
          "client_type": 1,
          "android_info": {
            "package_name": "com.capitipalism",
            "certificate_hash": "2d14e225a09f703d895b6db7ce0ca624e015c5cb"
          }
        },
        {
          "client_id": "367550987694-i6jg5gf2b6tg0qkoiul52d62sa0ekbjo.apps.googleusercontent.com",
          "client_type": 3
        }
      ],
      "api_key": [
        {
          "current_key": "AIzaSyDF-YNbkg6Mvjiqaifke7wqc22kvKcWbpk"
        }
      ],
      "services": {
        "appinvite_service": {
          "other_platform_oauth_client": [
            {
              "client_id": "367550987694-i6jg5gf2b6tg0qkoiul52d62sa0ekbjo.apps.googleusercontent.com",
              "client_type": 3
            }
          ]
        }
      }
    }
  ],
  "configuration_version": "1"
}