{"v":"5.5.7","fr":60,"ip":0,"op":413,"w":181,"h":101,"nm":"Précomp. 3","ddd":0,"assets":[{"id":"comp_0","layers":[{"ddd":0,"ind":1,"ty":5,"nm":"012","sr":1,"ks":{"o":{"a":1,"k":[{"i":{"x":[0.833],"y":[0.833]},"o":{"x":[0.167],"y":[0.167]},"t":81.599,"s":[0]},{"t":88.800390625,"s":[100]}],"ix":11},"r":{"a":0,"k":0,"ix":10},"p":{"a":0,"k":[143.5,58,0],"ix":2},"a":{"a":0,"k":[4.125,-1.375,0],"ix":1},"s":{"a":1,"k":[{"i":{"x":[0.833,0.833,0.833],"y":[0.833,0.833,0.833]},"o":{"x":[0.167,0.167,0.167],"y":[0.167,0.167,0.167]},"t":81.599,"s":[100,100,100]},{"i":{"x":[0.833,0.833,0.833],"y":[0.833,0.833,0.833]},"o":{"x":[0.167,0.167,0.167],"y":[0.167,0.167,0.167]},"t":88.8,"s":[110,110,100]},{"i":{"x":[0.833,0.833,0.833],"y":[0.833,0.833,0.833]},"o":{"x":[0.167,0.167,0.167],"y":[0.167,0.167,0.167]},"t":93.599,"s":[110,110,100]},{"t":100.800390625,"s":[100,100,100]}],"ix":6}},"ao":0,"t":{"d":{"k":[{"s":{"s":5,"f":"Krub-Bold","t":"012","j":0,"tr":0,"lh":6,"ls":0,"fc":[0.157,0.173,0.216]},"t":0}]},"p":{},"m":{"g":1,"a":{"a":0,"k":[0,0],"ix":2}},"a":[]},"ip":50.4,"op":950.4,"st":50.4,"bm":0},{"ddd":0,"ind":2,"ty":4,"nm":"Calque de forme 6","sr":1,"ks":{"o":{"a":0,"k":100,"ix":11},"r":{"a":0,"k":0,"ix":10},"p":{"a":0,"k":[153.125,57.75,0],"ix":2},"a":{"a":0,"k":[20.25,-105.75,0],"ix":1},"s":{"a":1,"k":[{"i":{"x":[0.833,0.833,0.833],"y":[0.833,0.833,0.833]},"o":{"x":[0.167,0.167,0.167],"y":[0.167,0.167,0.167]},"t":81.6,"s":[100,100,100]},{"i":{"x":[0.833,0.833,0.833],"y":[0.833,0.833,0.833]},"o":{"x":[0.167,0.167,0.167],"y":[0.167,0.167,0.167]},"t":88.801,"s":[110,110,100]},{"i":{"x":[0.833,0.833,0.833],"y":[0.833,0.833,0.833]},"o":{"x":[0.167,0.167,0.167],"y":[0.167,0.167,0.167]},"t":93.6,"s":[110,110,100]},{"t":100.80078125,"s":[100,100,100]}],"ix":6}},"ao":0,"shapes":[{"ty":"gr","it":[{"ty":"rc","d":1,"s":{"a":0,"k":[37.841,9.429],"ix":2},"p":{"a":0,"k":[0,0],"ix":3},"r":{"a":0,"k":191,"ix":4},"nm":"Tracé rectangulaire 1","mn":"ADBE Vector Shape - Rect","hd":false},{"ty":"st","c":{"a":0,"k":[0.77746629902,0.77746629902,0.77746629902,1],"ix":3},"o":{"a":0,"k":100,"ix":4},"w":{"a":0,"k":0.5,"ix":5},"lc":1,"lj":1,"ml":4,"bm":0,"nm":"Contour 1","mn":"ADBE Vector Graphic - Stroke","hd":false},{"ty":"fl","c":{"a":0,"k":[1,1,1,1],"ix":4},"o":{"a":0,"k":100,"ix":5},"r":1,"bm":0,"nm":"Fond 1","mn":"ADBE Vector Graphic - Fill","hd":false},{"ty":"tr","p":{"a":0,"k":[20.248,-105.786],"ix":2},"a":{"a":0,"k":[0,0],"ix":1},"s":{"a":0,"k":[100,100],"ix":3},"r":{"a":0,"k":0,"ix":6},"o":{"a":0,"k":100,"ix":7},"sk":{"a":0,"k":0,"ix":4},"sa":{"a":0,"k":0,"ix":5},"nm":"Transformer "}],"nm":"Rectangle 1","np":3,"cix":2,"bm":0,"ix":1,"mn":"ADBE Vector Group","hd":false}],"ip":0,"op":900,"st":0,"bm":0},{"ddd":0,"ind":3,"ty":5,"nm":"0123 123 012 0124","sr":1,"ks":{"o":{"a":1,"k":[{"i":{"x":[0.833],"y":[0.833]},"o":{"x":[0.167],"y":[0.167]},"t":50.4,"s":[0]},{"t":57.59921875,"s":[100]}],"ix":11},"r":{"a":0,"k":0,"ix":10},"p":{"a":0,"k":[153.125,45,0],"ix":2},"a":{"a":0,"k":[15,-1.25,0],"ix":1},"s":{"a":1,"k":[{"i":{"x":[0.833,0.833,0.833],"y":[0.833,0.833,0.833]},"o":{"x":[0.167,0.167,0.167],"y":[0.167,0.167,0.167]},"t":50.4,"s":[100,100,100]},{"i":{"x":[0.833,0.833,0.833],"y":[0.833,0.833,0.833]},"o":{"x":[0.167,0.167,0.167],"y":[0.167,0.167,0.167]},"t":57.599,"s":[110,110,100]},{"i":{"x":[0.833,0.833,0.833],"y":[0.833,0.833,0.833]},"o":{"x":[0.167,0.167,0.167],"y":[0.167,0.167,0.167]},"t":62.4,"s":[110,110,100]},{"t":69.59921875,"s":[100,100,100]}],"ix":6}},"ao":0,"t":{"d":{"k":[{"s":{"s":5,"f":"Krub-Bold","t":"0123 123 012","j":0,"tr":0,"lh":6,"ls":0,"fc":[0.157,0.173,0.216]},"t":0}]},"p":{},"m":{"g":1,"a":{"a":0,"k":[0,0],"ix":2}},"a":[]},"ip":50.4,"op":950.4,"st":50.4,"bm":0},{"ddd":0,"ind":4,"ty":4,"nm":"Calque de forme 5","sr":1,"ks":{"o":{"a":0,"k":100,"ix":11},"r":{"a":0,"k":0,"ix":10},"p":{"a":0,"k":[153.125,44.75,0],"ix":2},"a":{"a":0,"k":[20.25,-105.5,0],"ix":1},"s":{"a":1,"k":[{"i":{"x":[0.833,0.833,0.833],"y":[0.833,0.833,0.833]},"o":{"x":[0.167,0.167,0.167],"y":[0.167,0.167,0.167]},"t":50.4,"s":[100,100,100]},{"i":{"x":[0.833,0.833,0.833],"y":[0.833,0.833,0.833]},"o":{"x":[0.167,0.167,0.167],"y":[0.167,0.167,0.167]},"t":57.6,"s":[110,110,100]},{"i":{"x":[0.833,0.833,0.833],"y":[0.833,0.833,0.833]},"o":{"x":[0.167,0.167,0.167],"y":[0.167,0.167,0.167]},"t":62.4,"s":[110,110,100]},{"t":69.599609375,"s":[100,100,100]}],"ix":6}},"ao":0,"shapes":[{"ty":"gr","it":[{"ty":"rc","d":1,"s":{"a":0,"k":[37.841,9.429],"ix":2},"p":{"a":0,"k":[0,0],"ix":3},"r":{"a":0,"k":191,"ix":4},"nm":"Tracé rectangulaire 1","mn":"ADBE Vector Shape - Rect","hd":false},{"ty":"st","c":{"a":0,"k":[0.77746629902,0.77746629902,0.77746629902,1],"ix":3},"o":{"a":0,"k":100,"ix":4},"w":{"a":0,"k":0.5,"ix":5},"lc":1,"lj":1,"ml":4,"bm":0,"nm":"Contour 1","mn":"ADBE Vector Graphic - Stroke","hd":false},{"ty":"fl","c":{"a":0,"k":[1,1,1,1],"ix":4},"o":{"a":0,"k":100,"ix":5},"r":1,"bm":0,"nm":"Fond 1","mn":"ADBE Vector Graphic - Fill","hd":false},{"ty":"tr","p":{"a":0,"k":[20.248,-105.786],"ix":2},"a":{"a":0,"k":[0,0],"ix":1},"s":{"a":0,"k":[100,100],"ix":3},"r":{"a":0,"k":0,"ix":6},"o":{"a":0,"k":100,"ix":7},"sk":{"a":0,"k":0,"ix":4},"sa":{"a":0,"k":0,"ix":5},"nm":"Transformer "}],"nm":"Rectangle 1","np":3,"cix":2,"bm":0,"ix":1,"mn":"ADBE Vector Group","hd":false}],"ip":0,"op":900,"st":0,"bm":0},{"ddd":0,"ind":5,"ty":5,"nm":"Julie Doe","sr":1,"ks":{"o":{"a":0,"k":100,"ix":11},"r":{"a":0,"k":0,"ix":10},"p":{"a":0,"k":[149.5,31.625,0],"ix":2},"a":{"a":0,"k":[10.75,-2,0],"ix":1},"s":{"a":0,"k":[100,100,100],"ix":6}},"ao":0,"hasMask":true,"masksProperties":[{"inv":false,"mode":"a","pt":{"a":0,"k":{"i":[[0,0],[0,0],[0,0],[0,0]],"o":[[0,0],[0,0],[0,0],[0,0]],"v":[[0.07,-4.11],[0.07,0.05],[21.355,0.05],[21.355,-4.11]],"c":true},"ix":1},"o":{"a":0,"k":100,"ix":3},"x":{"a":0,"k":0,"ix":4},"nm":"Masque 1"}],"t":{"d":{"k":[{"s":{"s":5,"f":"Krub-Bold","t":"Julie Doe","j":0,"tr":0,"lh":6,"ls":0,"fc":[0.157,0.173,0.216]},"t":0}]},"p":{},"m":{"g":1,"a":{"a":0,"k":[0,0],"ix":2}},"a":[]},"ip":0,"op":900,"st":0,"bm":0},{"ddd":0,"ind":6,"ty":4,"nm":"Calque de forme 4","sr":1,"ks":{"o":{"a":0,"k":100,"ix":11},"r":{"a":0,"k":0,"ix":10},"p":{"a":0,"k":[153.125,32,0],"ix":2},"a":{"a":0,"k":[20.25,-105.5,0],"ix":1},"s":{"a":0,"k":[100,100,100],"ix":6}},"ao":0,"shapes":[{"ty":"gr","it":[{"ty":"rc","d":1,"s":{"a":0,"k":[37.841,9.429],"ix":2},"p":{"a":0,"k":[0,0],"ix":3},"r":{"a":0,"k":191,"ix":4},"nm":"Tracé rectangulaire 1","mn":"ADBE Vector Shape - Rect","hd":false},{"ty":"st","c":{"a":0,"k":[0.77746629902,0.77746629902,0.77746629902,1],"ix":3},"o":{"a":0,"k":100,"ix":4},"w":{"a":0,"k":0.5,"ix":5},"lc":1,"lj":1,"ml":4,"bm":0,"nm":"Contour 1","mn":"ADBE Vector Graphic - Stroke","hd":false},{"ty":"fl","c":{"a":0,"k":[1,1,1,1],"ix":4},"o":{"a":0,"k":100,"ix":5},"r":1,"bm":0,"nm":"Fond 1","mn":"ADBE Vector Graphic - Fill","hd":false},{"ty":"tr","p":{"a":0,"k":[20.248,-105.786],"ix":2},"a":{"a":0,"k":[0,0],"ix":1},"s":{"a":0,"k":[100,100],"ix":3},"r":{"a":0,"k":0,"ix":6},"o":{"a":0,"k":100,"ix":7},"sk":{"a":0,"k":0,"ix":4},"sa":{"a":0,"k":0,"ix":5},"nm":"Transformer "}],"nm":"Rectangle 1","np":3,"cix":2,"bm":0,"ix":1,"mn":"ADBE Vector Group","hd":false}],"ip":0,"op":900,"st":0,"bm":0},{"ddd":0,"ind":7,"ty":0,"nm":"Header","refId":"comp_1","sr":1,"ks":{"o":{"a":0,"k":100,"ix":11},"r":{"a":0,"k":0,"ix":10},"p":{"a":0,"k":[101.733,52.875,0],"ix":2},"a":{"a":0,"k":[102,53.5,0],"ix":1},"s":{"a":0,"k":[100,100,100],"ix":6}},"ao":0,"w":204,"h":107,"ip":0,"op":3600,"st":0,"bm":0},{"ddd":0,"ind":8,"ty":5,"nm":"Participer","sr":1,"ks":{"o":{"a":0,"k":100,"ix":11},"r":{"a":0,"k":0,"ix":10},"p":{"a":0,"k":[153.375,91.959,0],"ix":2},"a":{"a":0,"k":[12.25,-1.5,0],"ix":1},"s":{"a":1,"k":[{"i":{"x":[0.833,0.833,0.833],"y":[0.833,0.833,0.833]},"o":{"x":[0.167,0.167,0.167],"y":[0.167,0.167,0.167]},"t":120,"s":[100,100,100]},{"i":{"x":[0.833,0.833,0.833],"y":[0.833,0.833,0.833]},"o":{"x":[0.167,0.167,0.167],"y":[0.167,0.167,0.167]},"t":132,"s":[80,80,100]},{"i":{"x":[0.833,0.833,0.833],"y":[0.833,0.833,0.833]},"o":{"x":[0.167,0.167,0.167],"y":[0.167,0.167,0.167]},"t":136.801,"s":[80,80,100]},{"t":148.80078125,"s":[100,100,100]}],"ix":6}},"ao":0,"t":{"d":{"k":[{"s":{"s":5,"f":"Krub-Bold","t":"Participer","j":0,"tr":0,"lh":6,"ls":0,"fc":[1,1,1]},"t":0}]},"p":{},"m":{"g":1,"a":{"a":0,"k":[0,0],"ix":2}},"a":[]},"ip":0,"op":900,"st":0,"bm":0},{"ddd":0,"ind":9,"ty":4,"nm":"Calque de forme 7","sr":1,"ks":{"o":{"a":0,"k":100,"ix":11},"r":{"a":0,"k":0,"ix":10},"p":{"a":0,"k":[153.282,91.974,0],"ix":2},"a":{"a":0,"k":[20.407,-105.276,0],"ix":1},"s":{"a":1,"k":[{"i":{"x":[0.833,0.833,0.833],"y":[0.833,0.833,0.833]},"o":{"x":[0.167,0.167,0.167],"y":[0.167,0.167,0.167]},"t":120,"s":[100,100,100]},{"i":{"x":[0.833,0.833,0.833],"y":[0.833,0.833,0.833]},"o":{"x":[0.167,0.167,0.167],"y":[0.167,0.167,0.167]},"t":132,"s":[80,80,100]},{"i":{"x":[0.833,0.833,0.833],"y":[0.833,0.833,0.833]},"o":{"x":[0.167,0.167,0.167],"y":[0.167,0.167,0.167]},"t":136.801,"s":[80,80,100]},{"t":148.80078125,"s":[100,100,100]}],"ix":6}},"ao":0,"shapes":[{"ty":"gr","it":[{"ty":"rc","d":1,"s":{"a":0,"k":[37.841,9.429],"ix":2},"p":{"a":0,"k":[0,0],"ix":3},"r":{"a":0,"k":191,"ix":4},"nm":"Tracé rectangulaire 1","mn":"ADBE Vector Shape - Rect","hd":false},{"ty":"fl","c":{"a":0,"k":[0.886274509804,0.16862745098,0.462745098039,1],"ix":4},"o":{"a":0,"k":100,"ix":5},"r":1,"bm":0,"nm":"Fond 1","mn":"ADBE Vector Graphic - Fill","hd":false},{"ty":"tr","p":{"a":0,"k":[20.248,-105.786],"ix":2},"a":{"a":0,"k":[0,0],"ix":1},"s":{"a":0,"k":[100,100],"ix":3},"r":{"a":0,"k":0,"ix":6},"o":{"a":0,"k":100,"ix":7},"sk":{"a":0,"k":0,"ix":4},"sa":{"a":0,"k":0,"ix":5},"nm":"Transformer "}],"nm":"Rectangle 1","np":3,"cix":2,"bm":0,"ix":1,"mn":"ADBE Vector Group","hd":false}],"ip":0,"op":900,"st":0,"bm":0}]},{"id":"comp_1","layers":[{"ddd":0,"ind":1,"ty":4,"nm":"Groupe 6342","sr":1,"ks":{"o":{"a":0,"k":100,"ix":11},"r":{"a":0,"k":0,"ix":10},"p":{"a":0,"k":[153.058,17.044,0],"ix":2},"a":{"a":0,"k":[0,0,0],"ix":1},"s":{"a":0,"k":[104.125,104.125,100],"ix":6}},"ao":0,"shapes":[{"ty":"rc","d":1,"s":{"a":0,"k":[45.457,10.087],"ix":2},"p":{"a":0,"k":[0,0],"ix":3},"r":{"a":0,"k":0,"ix":4},"nm":"Tracé rectangulaire 1","mn":"ADBE Vector Shape - Rect","hd":false}],"ip":0,"op":3600,"st":0,"bm":0},{"ddd":0,"ind":2,"ty":4,"nm":"Groupe 3661","parent":1,"sr":1,"ks":{"o":{"a":0,"k":100,"ix":11},"r":{"a":0,"k":0,"ix":10},"p":{"a":0,"k":[0,0,0],"ix":2},"a":{"a":0,"k":[0,0,0],"ix":1},"s":{"a":0,"k":[100,100,100],"ix":6}},"ao":0,"shapes":[{"ty":"rc","d":1,"s":{"a":0,"k":[45.457,10.087],"ix":2},"p":{"a":0,"k":[0,0],"ix":3},"r":{"a":0,"k":0,"ix":4},"nm":"Tracé rectangulaire 1","mn":"ADBE Vector Shape - Rect","hd":false}],"ip":0,"op":3600,"st":0,"bm":0},{"ddd":0,"ind":3,"ty":4,"nm":"sysbar_dark","parent":2,"sr":1,"ks":{"o":{"a":0,"k":100,"ix":11},"r":{"a":0,"k":0,"ix":10},"p":{"a":0,"k":[-0.031,-3.531,0],"ix":2},"a":{"a":0,"k":[0,0,0],"ix":1},"s":{"a":0,"k":[100,100,100],"ix":6}},"ao":0,"shapes":[{"ty":"rc","d":1,"s":{"a":0,"k":[45.394,3.026],"ix":2},"p":{"a":0,"k":[0,0],"ix":3},"r":{"a":0,"k":0,"ix":4},"nm":"Tracé rectangulaire 1","mn":"ADBE Vector Shape - Rect","hd":false}],"ip":0,"op":3600,"st":0,"bm":0},{"ddd":0,"ind":4,"ty":4,"nm":"sysbar_wifi","parent":3,"sr":1,"ks":{"o":{"a":0,"k":90,"ix":11},"r":{"a":0,"k":0,"ix":10},"p":{"a":0,"k":[12.775,-0.047,0],"ix":2},"a":{"a":0,"k":[1.129,0.898,0],"ix":1},"s":{"a":0,"k":[100,100,100],"ix":6}},"ao":0,"shapes":[{"ty":"gr","it":[{"ind":0,"ty":"sh","ix":1,"ks":{"a":0,"k":{"i":[[0,0],[0,0],[0.654,0],[0.038,-0.038],[0,0],[0,0],[0,0],[0,0]],"o":[[0,0],[-0.038,-0.038],[-0.654,0],[0,0],[0,0],[0,0],[0,0],[0,0]],"v":[[1.129,1.796],[2.258,0.398],[1.129,0],[0,0.398],[1.129,1.796],[1.129,1.796],[1.129,1.796],[1.129,1.796]],"c":true},"ix":2},"nm":"Tracé 1","mn":"ADBE Vector Shape - Group","hd":false},{"ty":"fl","c":{"a":0,"k":[1,1,1,1],"ix":4},"o":{"a":0,"k":100,"ix":5},"r":1,"bm":0,"nm":"Fond 1","mn":"ADBE Vector Graphic - Fill","hd":false},{"ty":"tr","p":{"a":0,"k":[0,0],"ix":2},"a":{"a":0,"k":[0,0],"ix":1},"s":{"a":0,"k":[100,100],"ix":3},"r":{"a":0,"k":0,"ix":6},"o":{"a":0,"k":100,"ix":7},"sk":{"a":0,"k":0,"ix":4},"sa":{"a":0,"k":0,"ix":5},"nm":"Transformer "}],"nm":"sysbar_wifi","np":3,"cix":2,"bm":0,"ix":1,"mn":"ADBE Vector Group","hd":false}],"ip":0,"op":3600,"st":0,"bm":0},{"ddd":0,"ind":5,"ty":4,"nm":"sysbar_status","parent":3,"sr":1,"ks":{"o":{"a":0,"k":90,"ix":11},"r":{"a":0,"k":0,"ix":10},"p":{"a":0,"k":[15.129,-0.047,0],"ix":2},"a":{"a":0,"k":[0.898,0.898,0],"ix":1},"s":{"a":0,"k":[100,100,100],"ix":6}},"ao":0,"shapes":[{"ty":"gr","it":[{"ind":0,"ty":"sh","ix":1,"ks":{"a":0,"k":{"i":[[0,0],[0,0],[0,0]],"o":[[0,0],[0,0],[0,0]],"v":[[0,1.796],[1.796,1.796],[1.796,0]],"c":true},"ix":2},"nm":"Tracé 1","mn":"ADBE Vector Shape - Group","hd":false},{"ty":"fl","c":{"a":0,"k":[1,1,1,1],"ix":4},"o":{"a":0,"k":100,"ix":5},"r":1,"bm":0,"nm":"Fond 1","mn":"ADBE Vector Graphic - Fill","hd":false},{"ty":"tr","p":{"a":0,"k":[0,0],"ix":2},"a":{"a":0,"k":[0,0],"ix":1},"s":{"a":0,"k":[100,100],"ix":3},"r":{"a":0,"k":0,"ix":6},"o":{"a":0,"k":100,"ix":7},"sk":{"a":0,"k":0,"ix":4},"sa":{"a":0,"k":0,"ix":5},"nm":"Transformer "}],"nm":"sysbar_status","np":3,"cix":2,"bm":0,"ix":1,"mn":"ADBE Vector Group","hd":false}],"ip":0,"op":3600,"st":0,"bm":0},{"ddd":0,"ind":6,"ty":4,"nm":"sysbar_battery","parent":3,"sr":1,"ks":{"o":{"a":0,"k":100,"ix":11},"r":{"a":0,"k":0,"ix":10},"p":{"a":0,"k":[17.644,0.046,0],"ix":2},"a":{"a":0,"k":[0,0,0],"ix":1},"s":{"a":0,"k":[100,100,100],"ix":6}},"ao":0,"shapes":[{"ty":"rc","d":1,"s":{"a":0,"k":[1.027,1.668],"ix":2},"p":{"a":0,"k":[0,0],"ix":3},"r":{"a":0,"k":0,"ix":4},"nm":"Tracé rectangulaire 1","mn":"ADBE Vector Shape - Rect","hd":false}],"ip":0,"op":3600,"st":0,"bm":0},{"ddd":0,"ind":7,"ty":4,"nm":"rectangle","parent":6,"sr":1,"ks":{"o":{"a":0,"k":100,"ix":11},"r":{"a":0,"k":0,"ix":10},"p":{"a":0,"k":[-0.009,-0.77,0],"ix":2},"a":{"a":0,"k":[0,0,0],"ix":1},"s":{"a":0,"k":[100,100,100],"ix":6}},"ao":0,"shapes":[{"ty":"gr","it":[{"ty":"rc","d":1,"s":{"a":0,"k":[0.504,0.128],"ix":2},"p":{"a":0,"k":[0,0],"ix":3},"r":{"a":0,"k":0,"ix":4},"nm":"Tracé rectangulaire 1","mn":"ADBE Vector Shape - Rect","hd":false},{"ty":"fl","c":{"a":0,"k":[1,1,1,1],"ix":4},"o":{"a":0,"k":30.196,"ix":5},"r":1,"bm":0,"nm":"Fond 1","mn":"ADBE Vector Graphic - Fill","hd":false},{"ty":"tr","p":{"a":0,"k":[0,0],"ix":2},"a":{"a":0,"k":[0,0],"ix":1},"s":{"a":0,"k":[100,100],"ix":3},"r":{"a":0,"k":0,"ix":6},"o":{"a":0,"k":100,"ix":7},"sk":{"a":0,"k":0,"ix":4},"sa":{"a":0,"k":0,"ix":5},"nm":"Transformer "}],"nm":"rectangle","np":3,"cix":2,"bm":0,"ix":1,"mn":"ADBE Vector Group","hd":false}],"ip":0,"op":3600,"st":0,"bm":0},{"ddd":0,"ind":8,"ty":4,"nm":"rectangle","parent":6,"sr":1,"ks":{"o":{"a":0,"k":100,"ix":11},"r":{"a":0,"k":0,"ix":10},"p":{"a":0,"k":[0,-0.513,0],"ix":2},"a":{"a":0,"k":[0,0,0],"ix":1},"s":{"a":0,"k":[100,100,100],"ix":6}},"ao":0,"shapes":[{"ty":"gr","it":[{"ty":"rc","d":1,"s":{"a":0,"k":[1.027,0.385],"ix":2},"p":{"a":0,"k":[0,0],"ix":3},"r":{"a":0,"k":0,"ix":4},"nm":"Tracé rectangulaire 1","mn":"ADBE Vector Shape - Rect","hd":false},{"ty":"fl","c":{"a":0,"k":[1,1,1,1],"ix":4},"o":{"a":0,"k":30.196,"ix":5},"r":1,"bm":0,"nm":"Fond 1","mn":"ADBE Vector Graphic - Fill","hd":false},{"ty":"tr","p":{"a":0,"k":[0,0],"ix":2},"a":{"a":0,"k":[0,0],"ix":1},"s":{"a":0,"k":[100,100],"ix":3},"r":{"a":0,"k":0,"ix":6},"o":{"a":0,"k":100,"ix":7},"sk":{"a":0,"k":0,"ix":4},"sa":{"a":0,"k":0,"ix":5},"nm":"Transformer "}],"nm":"rectangle","np":3,"cix":2,"bm":0,"ix":1,"mn":"ADBE Vector Group","hd":false}],"ip":0,"op":3600,"st":0,"bm":0},{"ddd":0,"ind":9,"ty":4,"nm":"rectangle","parent":6,"sr":1,"ks":{"o":{"a":0,"k":100,"ix":11},"r":{"a":0,"k":0,"ix":10},"p":{"a":0,"k":[0,-0.128,0],"ix":2},"a":{"a":0,"k":[0,0,0],"ix":1},"s":{"a":0,"k":[100,100,100],"ix":6}},"ao":0,"shapes":[{"ty":"gr","it":[{"ty":"rc","d":1,"s":{"a":0,"k":[1.027,0.385],"ix":2},"p":{"a":0,"k":[0,0],"ix":3},"r":{"a":0,"k":0,"ix":4},"nm":"Tracé rectangulaire 1","mn":"ADBE Vector Shape - Rect","hd":false},{"ty":"fl","c":{"a":0,"k":[1,1,1,1],"ix":4},"o":{"a":0,"k":30.196,"ix":5},"r":1,"bm":0,"nm":"Fond 1","mn":"ADBE Vector Graphic - Fill","hd":false},{"ty":"tr","p":{"a":0,"k":[0,0],"ix":2},"a":{"a":0,"k":[0,0],"ix":1},"s":{"a":0,"k":[100,100],"ix":3},"r":{"a":0,"k":0,"ix":6},"o":{"a":0,"k":100,"ix":7},"sk":{"a":0,"k":0,"ix":4},"sa":{"a":0,"k":0,"ix":5},"nm":"Transformer "}],"nm":"rectangle","np":3,"cix":2,"bm":0,"ix":1,"mn":"ADBE Vector Group","hd":false}],"ip":0,"op":3600,"st":0,"bm":0},{"ddd":0,"ind":10,"ty":4,"nm":"rectangle","parent":6,"sr":1,"ks":{"o":{"a":0,"k":100,"ix":11},"r":{"a":0,"k":0,"ix":10},"p":{"a":0,"k":[0,0.257,0],"ix":2},"a":{"a":0,"k":[0,0,0],"ix":1},"s":{"a":0,"k":[100,100,100],"ix":6}},"ao":0,"shapes":[{"ty":"gr","it":[{"ty":"rc","d":1,"s":{"a":0,"k":[1.027,0.385],"ix":2},"p":{"a":0,"k":[0,0],"ix":3},"r":{"a":0,"k":0,"ix":4},"nm":"Tracé rectangulaire 1","mn":"ADBE Vector Shape - Rect","hd":false},{"ty":"fl","c":{"a":0,"k":[1,1,1,1],"ix":4},"o":{"a":0,"k":90.196,"ix":5},"r":1,"bm":0,"nm":"Fond 1","mn":"ADBE Vector Graphic - Fill","hd":false},{"ty":"tr","p":{"a":0,"k":[0,0],"ix":2},"a":{"a":0,"k":[0,0],"ix":1},"s":{"a":0,"k":[100,100],"ix":3},"r":{"a":0,"k":0,"ix":6},"o":{"a":0,"k":100,"ix":7},"sk":{"a":0,"k":0,"ix":4},"sa":{"a":0,"k":0,"ix":5},"nm":"Transformer "}],"nm":"rectangle","np":3,"cix":2,"bm":0,"ix":1,"mn":"ADBE Vector Group","hd":false}],"ip":0,"op":3600,"st":0,"bm":0},{"ddd":0,"ind":11,"ty":4,"nm":"rectangle","parent":6,"sr":1,"ks":{"o":{"a":0,"k":100,"ix":11},"r":{"a":0,"k":0,"ix":10},"p":{"a":0,"k":[0,0.642,0],"ix":2},"a":{"a":0,"k":[0,0,0],"ix":1},"s":{"a":0,"k":[100,100,100],"ix":6}},"ao":0,"shapes":[{"ty":"gr","it":[{"ty":"rc","d":1,"s":{"a":0,"k":[1.027,0.385],"ix":2},"p":{"a":0,"k":[0,0],"ix":3},"r":{"a":0,"k":0,"ix":4},"nm":"Tracé rectangulaire 1","mn":"ADBE Vector Shape - Rect","hd":false},{"ty":"fl","c":{"a":0,"k":[1,1,1,1],"ix":4},"o":{"a":0,"k":90.196,"ix":5},"r":1,"bm":0,"nm":"Fond 1","mn":"ADBE Vector Graphic - Fill","hd":false},{"ty":"tr","p":{"a":0,"k":[0,0],"ix":2},"a":{"a":0,"k":[0,0],"ix":1},"s":{"a":0,"k":[100,100],"ix":3},"r":{"a":0,"k":0,"ix":6},"o":{"a":0,"k":100,"ix":7},"sk":{"a":0,"k":0,"ix":4},"sa":{"a":0,"k":0,"ix":5},"nm":"Transformer "}],"nm":"rectangle","np":3,"cix":2,"bm":0,"ix":1,"mn":"ADBE Vector Group","hd":false}],"ip":0,"op":3600,"st":0,"bm":0},{"ddd":0,"ind":12,"ty":4,"nm":"rectangle","parent":3,"sr":1,"ks":{"o":{"a":0,"k":100,"ix":11},"r":{"a":0,"k":0,"ix":10},"p":{"a":0,"k":[15.257,0,0],"ix":2},"a":{"a":0,"k":[0,0,0],"ix":1},"s":{"a":0,"k":[100,100,100],"ix":6}},"ao":0,"shapes":[{"ty":"gr","it":[{"ty":"rc","d":1,"s":{"a":0,"k":[14.879,3.026],"ix":2},"p":{"a":0,"k":[0,0],"ix":3},"r":{"a":0,"k":0,"ix":4},"nm":"Tracé rectangulaire 1","mn":"ADBE Vector Shape - Rect","hd":false},{"ty":"tr","p":{"a":0,"k":[0,0],"ix":2},"a":{"a":0,"k":[0,0],"ix":1},"s":{"a":0,"k":[100,100],"ix":3},"r":{"a":0,"k":0,"ix":6},"o":{"a":0,"k":100,"ix":7},"sk":{"a":0,"k":0,"ix":4},"sa":{"a":0,"k":0,"ix":5},"nm":"Transformer "}],"nm":"rectangle","np":3,"cix":2,"bm":0,"ix":1,"mn":"ADBE Vector Group","hd":false}],"ip":0,"op":3600,"st":0,"bm":0},{"ddd":0,"ind":13,"ty":4,"nm":"rectangle","parent":3,"sr":1,"ks":{"o":{"a":0,"k":29.622,"ix":11},"r":{"a":0,"k":0,"ix":10},"p":{"a":0,"k":[0,0,0],"ix":2},"a":{"a":0,"k":[0,0,0],"ix":1},"s":{"a":0,"k":[100,100,100],"ix":6}},"ao":0,"shapes":[{"ty":"gr","it":[{"ty":"rc","d":1,"s":{"a":0,"k":[45.394,3.026],"ix":2},"p":{"a":0,"k":[0,0],"ix":3},"r":{"a":0,"k":0,"ix":4},"nm":"Tracé rectangulaire 1","mn":"ADBE Vector Shape - Rect","hd":false},{"ty":"fl","c":{"a":0,"k":[0,0,0,1],"ix":4},"o":{"a":0,"k":100,"ix":5},"r":1,"bm":0,"nm":"Fond 1","mn":"ADBE Vector Graphic - Fill","hd":false},{"ty":"tr","p":{"a":0,"k":[0,0],"ix":2},"a":{"a":0,"k":[0,0],"ix":1},"s":{"a":0,"k":[100,100],"ix":3},"r":{"a":0,"k":0,"ix":6},"o":{"a":0,"k":100,"ix":7},"sk":{"a":0,"k":0,"ix":4},"sa":{"a":0,"k":0,"ix":5},"nm":"Transformer "}],"nm":"rectangle","np":3,"cix":2,"bm":0,"ix":1,"mn":"ADBE Vector Group","hd":false}],"ip":0,"op":3600,"st":0,"bm":0},{"ddd":0,"ind":14,"ty":4,"nm":"Groupe 3660","parent":2,"sr":1,"ks":{"o":{"a":0,"k":100,"ix":11},"r":{"a":0,"k":0,"ix":10},"p":{"a":0,"k":[-19.45,1.387,0],"ix":2},"a":{"a":0,"k":[0,0,0],"ix":1},"s":{"a":0,"k":[100,100,100],"ix":6}},"ao":0,"shapes":[{"ty":"rc","d":1,"s":{"a":0,"k":[3.026,3.026],"ix":2},"p":{"a":0,"k":[0,0],"ix":3},"r":{"a":0,"k":0,"ix":4},"nm":"Tracé rectangulaire 1","mn":"ADBE Vector Shape - Rect","hd":false}],"ip":0,"op":3600,"st":0,"bm":0},{"ddd":0,"ind":15,"ty":4,"nm":"ic_arrow_back","parent":14,"sr":1,"ks":{"o":{"a":0,"k":100,"ix":11},"r":{"a":0,"k":0,"ix":10},"p":{"a":0,"k":[0,0,0],"ix":2},"a":{"a":0,"k":[0,0,0],"ix":1},"s":{"a":0,"k":[100,100,100],"ix":6}},"ao":0,"shapes":[{"ty":"rc","d":1,"s":{"a":0,"k":[3.026,3.026],"ix":2},"p":{"a":0,"k":[0,0],"ix":3},"r":{"a":0,"k":0,"ix":4},"nm":"Tracé rectangulaire 1","mn":"ADBE Vector Shape - Rect","hd":false}],"ip":0,"op":3600,"st":0,"bm":0},{"ddd":0,"ind":16,"ty":4,"nm":"path","parent":15,"sr":1,"ks":{"o":{"a":0,"k":100,"ix":11},"r":{"a":0,"k":0,"ix":10},"p":{"a":0,"k":[0.33,0,0],"ix":2},"a":{"a":0,"k":[1.009,1.009,0],"ix":1},"s":{"a":0,"k":[132.727,132.727,100],"ix":6}},"ao":0,"shapes":[{"ty":"gr","it":[{"ind":0,"ty":"sh","ix":1,"ks":{"a":0,"k":{"i":[[0,0],[0,0],[0,0],[0,0],[0,0],[0,0],[0,0],[0,0],[0,0],[0,0]],"o":[[0,0],[0,0],[0,0],[0,0],[0,0],[0,0],[0,0],[0,0],[0,0],[0,0]],"v":[[2.018,0.883],[0.479,0.883],[1.185,0.177],[1.009,0],[0,1.009],[1.009,2.018],[1.185,1.841],[0.479,1.135],[2.018,1.135],[2.018,0.883]],"c":true},"ix":2},"nm":"Tracé 1","mn":"ADBE Vector Shape - Group","hd":false},{"ty":"fl","c":{"a":0,"k":[1,1,1,1],"ix":4},"o":{"a":0,"k":100,"ix":5},"r":1,"bm":0,"nm":"Fond 1","mn":"ADBE Vector Graphic - Fill","hd":false},{"ty":"tr","p":{"a":0,"k":[0,0],"ix":2},"a":{"a":0,"k":[0,0],"ix":1},"s":{"a":0,"k":[100,100],"ix":3},"r":{"a":0,"k":0,"ix":6},"o":{"a":0,"k":100,"ix":7},"sk":{"a":0,"k":0,"ix":4},"sa":{"a":0,"k":0,"ix":5},"nm":"Transformer "}],"nm":"path","np":3,"cix":2,"bm":0,"ix":1,"mn":"ADBE Vector Group","hd":false}],"ip":0,"op":3600,"st":0,"bm":0},{"ddd":0,"ind":17,"ty":4,"nm":"app bar light","parent":2,"sr":1,"ks":{"o":{"a":0,"k":100,"ix":11},"r":{"a":0,"k":0,"ix":10},"p":{"a":0,"k":[-11.647,1.5,0],"ix":2},"a":{"a":0,"k":[0,0,0],"ix":1},"s":{"a":0,"k":[100,100,100],"ix":6}},"ao":0,"shapes":[{"ty":"rc","d":1,"s":{"a":0,"k":[8,3],"ix":2},"p":{"a":0,"k":[0,0],"ix":3},"r":{"a":0,"k":0,"ix":4},"nm":"Tracé rectangulaire 1","mn":"ADBE Vector Shape - Rect","hd":false}],"ip":0,"op":3600,"st":0,"bm":0},{"ddd":0,"ind":18,"ty":5,"nm":"Participer","sr":1,"ks":{"o":{"a":0,"k":100,"ix":11},"r":{"a":0,"k":0,"ix":10},"p":{"a":0,"k":[137,19.75,0],"ix":2},"a":{"a":0,"k":[0,0,0],"ix":1},"s":{"a":0,"k":[100,100,100],"ix":6}},"ao":0,"t":{"d":{"k":[{"s":{"s":4,"f":"Roboto-Medium","t":"Participer","j":0,"tr":0,"lh":4.8,"ls":0,"fc":[1,1,1]},"t":0}]},"p":{},"m":{"g":1,"a":{"a":0,"k":[0,0],"ix":2}},"a":[]},"ip":0,"op":3600,"st":0,"bm":0},{"ddd":0,"ind":19,"ty":4,"nm":"Calque de forme 1","sr":1,"ks":{"o":{"a":0,"k":100,"ix":11},"r":{"a":0,"k":0,"ix":10},"p":{"a":0,"k":[153.174,17.01,0],"ix":2},"a":{"a":0,"k":[51.174,-34.865,0],"ix":1},"s":{"a":0,"k":[101.391,82.043,100],"ix":6}},"ao":0,"shapes":[{"ty":"gr","it":[{"ty":"rc","d":1,"s":{"a":0,"k":[45.723,13.02],"ix":2},"p":{"a":0,"k":[0,0],"ix":3},"r":{"a":0,"k":0,"ix":4},"nm":"Tracé rectangulaire 1","mn":"ADBE Vector Shape - Rect","hd":false},{"ty":"fl","c":{"a":0,"k":[0,0.596078431373,0.745098039216,1],"ix":4},"o":{"a":0,"k":100,"ix":5},"r":1,"bm":0,"nm":"Fond 1","mn":"ADBE Vector Graphic - Fill","hd":false},{"ty":"tr","p":{"a":0,"k":[51.174,-34.865],"ix":2},"a":{"a":0,"k":[0,0],"ix":1},"s":{"a":0,"k":[100,100],"ix":3},"r":{"a":0,"k":0,"ix":6},"o":{"a":0,"k":100,"ix":7},"sk":{"a":0,"k":0,"ix":4},"sa":{"a":0,"k":0,"ix":5},"nm":"Transformer "}],"nm":"Rectangle 1","np":3,"cix":2,"bm":0,"ix":1,"mn":"ADBE Vector Group","hd":false}],"ip":0,"op":3600,"st":0,"bm":0}]},{"id":"comp_2","layers":[{"ddd":0,"ind":1,"ty":4,"nm":"Calque de forme 10","sr":1,"ks":{"o":{"a":0,"k":100,"ix":11},"r":{"a":0,"k":0,"ix":10},"p":{"a":0,"k":[199.312,294.188,0],"ix":2},"a":{"a":0,"k":[19.016,-85.973,0],"ix":1},"s":{"a":1,"k":[{"i":{"x":[0.833,0.833,0.833],"y":[0.833,0.833,0.833]},"o":{"x":[0.167,0.167,0.167],"y":[0.167,0.167,0.167]},"t":184.8,"s":[0,0,100]},{"t":196.8,"s":[100,100,100]}],"ix":6,"x":"var $bm_rt;\nvar damping, elasticity, speedLimit, tempsClefProx, tempsDebut, tempsDebut, temps, spring, spring;\nvar fx = effect('Transformer Spring');\ndamping = fx(2).value;\nelasticity = fx(1).value;\n$bm_rt = speedLimit = 0.1;\nif (numKeys > 1 && elasticity != 0) {\n    if (nearestKey(time).index == 1) {\n        $bm_rt = value;\n    } else {\n        if (length(velocity) <= speedLimit) {\n            tempsClefProx = nearestKey(time).time;\n            if (tempsClefProx <= time) {\n                tempsDebut = tempsClefProx;\n            } else {\n                tempsDebut = key($bm_sub(nearestKey(time).index, 1)).time;\n            }\n            temps = $bm_sub(time, tempsDebut);\n            spring = $bm_mul(velocityAtTime($bm_sub(tempsDebut, thisComp.frameDuration)), $bm_div($bm_mul($bm_div(0.15, elasticity), Math.sin($bm_mul($bm_mul($bm_mul(elasticity, temps), 2), Math.PI))), Math.exp($bm_mul(temps, damping))));\n            if (speedLimit > 0)\n                spring = $bm_mul(spring, $bm_sub(1, $bm_div(length(velocity), speedLimit)));\n            $bm_rt = $bm_sum(valueAtTime(tempsDebut), spring);\n        } else {\n            $bm_rt = value;\n        }\n    }\n} else {\n    $bm_rt = value;\n}"}},"ao":0,"ef":[{"ty":5,"nm":"Transformer Spring","np":4,"mn":"Pseudo/DUIK multid spring","ix":1,"en":1,"ef":[{"ty":0,"nm":"Elasticity","mn":"Pseudo/DUIK multid spring-0001","ix":1,"v":{"a":0,"k":2.8,"ix":1}},{"ty":0,"nm":"Damping","mn":"Pseudo/DUIK multid spring-0002","ix":2,"v":{"a":0,"k":5,"ix":2}}]}],"shapes":[{"ty":"gr","it":[{"ind":0,"ty":"sh","ix":1,"ks":{"a":0,"k":{"i":[[0,0],[0,0],[0,0]],"o":[[0,0],[0,0],[0,0]],"v":[[12.062,-86.938],[17.5,-81.938],[26.062,-91.125]],"c":false},"ix":2},"nm":"Tracé 1","mn":"ADBE Vector Shape - Group","hd":false},{"ty":"st","c":{"a":0,"k":[1,1,1,1],"ix":3},"o":{"a":0,"k":100,"ix":4},"w":{"a":0,"k":2,"ix":5},"lc":2,"lj":2,"bm":0,"nm":"Contour 1","mn":"ADBE Vector Graphic - Stroke","hd":false},{"ty":"tr","p":{"a":0,"k":[0,0],"ix":2},"a":{"a":0,"k":[0,0],"ix":1},"s":{"a":0,"k":[100,100],"ix":3},"r":{"a":0,"k":0,"ix":6},"o":{"a":0,"k":100,"ix":7},"sk":{"a":0,"k":0,"ix":4},"sa":{"a":0,"k":0,"ix":5},"nm":"Transformer "}],"nm":"Forme 1","np":3,"cix":2,"bm":0,"ix":1,"mn":"ADBE Vector Group","hd":false}],"ip":0,"op":900,"st":0,"bm":0},{"ddd":0,"ind":2,"ty":4,"nm":"Calque de forme 9","sr":1,"ks":{"o":{"a":0,"k":100,"ix":11},"r":{"a":0,"k":0,"ix":10},"p":{"a":1,"k":[{"i":{"x":0.667,"y":1},"o":{"x":0.333,"y":0},"t":189.6,"s":[191.766,303.641,0],"to":[-8.042,1.969,0],"ti":[-6.374,-2.702,0]},{"i":{"x":0.667,"y":1},"o":{"x":0.333,"y":0},"t":213.6,"s":[190.891,313.641,0],"to":[2.179,0.924,0],"ti":[1.125,5.052,0]},{"t":232.8,"s":[196.016,304.266,0]}],"ix":2},"a":{"a":0,"k":[9.891,-98.359,0],"ix":1},"s":{"a":1,"k":[{"i":{"x":[0.667,0.667,0.667],"y":[1,1,1]},"o":{"x":[0.333,0.333,0.333],"y":[0,0,0]},"t":189.6,"s":[0,0,100]},{"t":232.8,"s":[100,100,100]}],"ix":6}},"ao":0,"shapes":[{"ty":"gr","it":[{"d":1,"ty":"el","s":{"a":0,"k":[5.782,5.782],"ix":2},"p":{"a":0,"k":[0,0],"ix":3},"nm":"Tracé d'ellipse 1","mn":"ADBE Vector Shape - Ellipse","hd":false},{"ty":"fl","c":{"a":0,"k":[0.149019607843,0.725490196078,0.6,1],"ix":4},"o":{"a":0,"k":100,"ix":5},"r":1,"bm":0,"nm":"Fond 1","mn":"ADBE Vector Graphic - Fill","hd":false},{"ty":"tr","p":{"a":0,"k":[9.891,-98.359],"ix":2},"a":{"a":0,"k":[0,0],"ix":1},"s":{"a":0,"k":[100,100],"ix":3},"r":{"a":0,"k":0,"ix":6},"o":{"a":0,"k":100,"ix":7},"sk":{"a":0,"k":0,"ix":4},"sa":{"a":0,"k":0,"ix":5},"nm":"Transformer "}],"nm":"Ellipse 1","np":3,"cix":2,"bm":0,"ix":1,"mn":"ADBE Vector Group","hd":false}],"ip":40.8,"op":940.8,"st":40.8,"bm":0},{"ddd":0,"ind":3,"ty":4,"nm":"Calque de forme 5","sr":1,"ks":{"o":{"a":0,"k":100,"ix":11},"r":{"a":0,"k":0,"ix":10},"p":{"a":1,"k":[{"i":{"x":0.667,"y":1},"o":{"x":0.333,"y":0},"t":189.6,"s":[193.641,285.641,0],"to":[-6.917,-4.969,0],"ti":[-6.374,-2.702,0]},{"i":{"x":0.667,"y":1},"o":{"x":0.333,"y":0},"t":213.6,"s":[188.391,276.579,0],"to":[2.179,0.924,0],"ti":[-7.312,-7.885,0]},{"t":232.8,"s":[197.891,286.266,0]}],"ix":2},"a":{"a":0,"k":[9.891,-98.359,0],"ix":1},"s":{"a":1,"k":[{"i":{"x":[0.667,0.667,0.667],"y":[1,1,1]},"o":{"x":[0.333,0.333,0.333],"y":[0,0,0]},"t":189.6,"s":[0,0,100]},{"t":232.8,"s":[100,100,100]}],"ix":6}},"ao":0,"shapes":[{"ty":"gr","it":[{"d":1,"ty":"el","s":{"a":0,"k":[5.782,5.782],"ix":2},"p":{"a":0,"k":[0,0],"ix":3},"nm":"Tracé d'ellipse 1","mn":"ADBE Vector Shape - Ellipse","hd":false},{"ty":"fl","c":{"a":0,"k":[0.149019607843,0.725490196078,0.6,1],"ix":4},"o":{"a":0,"k":100,"ix":5},"r":1,"bm":0,"nm":"Fond 1","mn":"ADBE Vector Graphic - Fill","hd":false},{"ty":"tr","p":{"a":0,"k":[9.891,-98.359],"ix":2},"a":{"a":0,"k":[0,0],"ix":1},"s":{"a":0,"k":[100,100],"ix":3},"r":{"a":0,"k":0,"ix":6},"o":{"a":0,"k":100,"ix":7},"sk":{"a":0,"k":0,"ix":4},"sa":{"a":0,"k":0,"ix":5},"nm":"Transformer "}],"nm":"Ellipse 1","np":3,"cix":2,"bm":0,"ix":1,"mn":"ADBE Vector Group","hd":false}],"ip":40.8,"op":940.8,"st":40.8,"bm":0},{"ddd":0,"ind":4,"ty":4,"nm":"Calque de forme 8","sr":1,"ks":{"o":{"a":0,"k":100,"ix":11},"r":{"a":0,"k":0,"ix":10},"p":{"a":1,"k":[{"i":{"x":0.667,"y":1},"o":{"x":0.333,"y":0},"t":184.8,"s":[210.079,286.641,0],"to":[0.578,-1.667,0],"ti":[0.53,1.426,0]},{"i":{"x":0.667,"y":0.5},"o":{"x":0.333,"y":0},"t":199.2,"s":[213.547,276.641,0],"to":[-0.53,-1.426,0],"ti":[2.949,0.159,0]},{"i":{"x":0.667,"y":1},"o":{"x":0.333,"y":0.425},"t":204,"s":[209.329,273.819,0],"to":[-2.949,-0.159,0],"ti":[-2.044,0.64,0]},{"t":213.6,"s":[199.766,281.141,0]}],"ix":2},"a":{"a":0,"k":[9.891,-98.359,0],"ix":1},"s":{"a":1,"k":[{"i":{"x":[0.667,0.667,0.667],"y":[1,1,1]},"o":{"x":[0.333,0.333,0.333],"y":[0,0,0]},"t":184.8,"s":[0,0,100]},{"t":213.6,"s":[100,100,100]}],"ix":6}},"ao":0,"shapes":[{"ty":"gr","it":[{"d":1,"ty":"el","s":{"a":0,"k":[5.782,5.782],"ix":2},"p":{"a":0,"k":[0,0],"ix":3},"nm":"Tracé d'ellipse 1","mn":"ADBE Vector Shape - Ellipse","hd":false},{"ty":"fl","c":{"a":0,"k":[0.149019607843,0.725490196078,0.6,1],"ix":4},"o":{"a":0,"k":100,"ix":5},"r":1,"bm":0,"nm":"Fond 1","mn":"ADBE Vector Graphic - Fill","hd":false},{"ty":"tr","p":{"a":0,"k":[9.891,-98.359],"ix":2},"a":{"a":0,"k":[0,0],"ix":1},"s":{"a":0,"k":[100,100],"ix":3},"r":{"a":0,"k":0,"ix":6},"o":{"a":0,"k":100,"ix":7},"sk":{"a":0,"k":0,"ix":4},"sa":{"a":0,"k":0,"ix":5},"nm":"Transformer "}],"nm":"Ellipse 1","np":3,"cix":2,"bm":0,"ix":1,"mn":"ADBE Vector Group","hd":false}],"ip":0,"op":900,"st":0,"bm":0},{"ddd":0,"ind":5,"ty":4,"nm":"Calque de forme 6","sr":1,"ks":{"o":{"a":0,"k":100,"ix":11},"r":{"a":0,"k":0,"ix":10},"p":{"a":1,"k":[{"i":{"x":0.667,"y":1},"o":{"x":0.333,"y":0},"t":184.8,"s":[187.579,292.141,0],"to":[-0.865,-0.927,0],"ti":[-2.629,4.256,0]},{"i":{"x":0.667,"y":1},"o":{"x":0.333,"y":0},"t":199.2,"s":[182.391,286.579,0],"to":[2.127,-3.361,0],"ti":[-1.354,-0.927,0]},{"t":213.6,"s":[190.516,292.141,0]}],"ix":2},"a":{"a":0,"k":[9.891,-98.359,0],"ix":1},"s":{"a":1,"k":[{"i":{"x":[0.667,0.667,0.667],"y":[1,1,1]},"o":{"x":[0.333,0.333,0.333],"y":[0,0,0]},"t":184.8,"s":[0,0,100]},{"t":213.6,"s":[100,100,100]}],"ix":6}},"ao":0,"shapes":[{"ty":"gr","it":[{"d":1,"ty":"el","s":{"a":0,"k":[5.782,5.782],"ix":2},"p":{"a":0,"k":[0,0],"ix":3},"nm":"Tracé d'ellipse 1","mn":"ADBE Vector Shape - Ellipse","hd":false},{"ty":"fl","c":{"a":0,"k":[0.149019607843,0.725490196078,0.6,1],"ix":4},"o":{"a":0,"k":100,"ix":5},"r":1,"bm":0,"nm":"Fond 1","mn":"ADBE Vector Graphic - Fill","hd":false},{"ty":"tr","p":{"a":0,"k":[9.891,-98.359],"ix":2},"a":{"a":0,"k":[0,0],"ix":1},"s":{"a":0,"k":[100,100],"ix":3},"r":{"a":0,"k":0,"ix":6},"o":{"a":0,"k":100,"ix":7},"sk":{"a":0,"k":0,"ix":4},"sa":{"a":0,"k":0,"ix":5},"nm":"Transformer "}],"nm":"Ellipse 1","np":3,"cix":2,"bm":0,"ix":1,"mn":"ADBE Vector Group","hd":false}],"ip":0,"op":900,"st":0,"bm":0},{"ddd":0,"ind":6,"ty":4,"nm":"Calque de forme 7","sr":1,"ks":{"o":{"a":0,"k":100,"ix":11},"r":{"a":0,"k":0,"ix":10},"p":{"a":1,"k":[{"i":{"x":0.667,"y":1},"o":{"x":0.333,"y":0},"t":184.8,"s":[206.266,297.766,0],"to":[1.708,0.417,0],"ti":[-3.625,1.062,0]},{"i":{"x":0.667,"y":1},"o":{"x":0.333,"y":0},"t":213.6,"s":[216.516,300.266,0],"to":[-1.125,-6.062,0],"ti":[1.958,1.25,0]},{"t":230.4,"s":[204.766,292.766,0]}],"ix":2},"a":{"a":0,"k":[9.891,-98.359,0],"ix":1},"s":{"a":1,"k":[{"i":{"x":[0.667,0.667,0.667],"y":[1,1,1]},"o":{"x":[0.333,0.333,0.333],"y":[0,0,0]},"t":184.8,"s":[0,0,100]},{"t":213.6,"s":[100,100,100]}],"ix":6}},"ao":0,"shapes":[{"ty":"gr","it":[{"d":1,"ty":"el","s":{"a":0,"k":[5.782,5.782],"ix":2},"p":{"a":0,"k":[0,0],"ix":3},"nm":"Tracé d'ellipse 1","mn":"ADBE Vector Shape - Ellipse","hd":false},{"ty":"fl","c":{"a":0,"k":[0.149019607843,0.725490196078,0.6,1],"ix":4},"o":{"a":0,"k":100,"ix":5},"r":1,"bm":0,"nm":"Fond 1","mn":"ADBE Vector Graphic - Fill","hd":false},{"ty":"tr","p":{"a":0,"k":[9.891,-98.359],"ix":2},"a":{"a":0,"k":[0,0],"ix":1},"s":{"a":0,"k":[100,100],"ix":3},"r":{"a":0,"k":0,"ix":6},"o":{"a":0,"k":100,"ix":7},"sk":{"a":0,"k":0,"ix":4},"sa":{"a":0,"k":0,"ix":5},"nm":"Transformer "}],"nm":"Ellipse 1","np":3,"cix":2,"bm":0,"ix":1,"mn":"ADBE Vector Group","hd":false}],"ip":0,"op":900,"st":0,"bm":0},{"ddd":0,"ind":7,"ty":4,"nm":"Calque de forme 4","sr":1,"ks":{"o":{"a":0,"k":100,"ix":11},"r":{"a":0,"k":0,"ix":10},"p":{"a":0,"k":[198.772,293.272,0],"ix":2},"a":{"a":0,"k":[18.772,-88.978,0],"ix":1},"s":{"a":1,"k":[{"i":{"x":[0.667,0.667,0.667],"y":[1,1,1]},"o":{"x":[0.333,0.333,0.333],"y":[0,0,0]},"t":184.8,"s":[0,0,100]},{"t":196.8,"s":[100.924,100.924,100]}],"ix":6}},"ao":0,"ef":[{"ty":5,"nm":"Transformer Spring","np":4,"mn":"Pseudo/DUIK multid spring","ix":1,"en":1,"ef":[{"ty":0,"nm":"Elasticity","mn":"Pseudo/DUIK multid spring-0001","ix":1,"v":{"a":0,"k":7.9,"ix":1}},{"ty":0,"nm":"Damping","mn":"Pseudo/DUIK multid spring-0002","ix":2,"v":{"a":0,"k":5,"ix":2}}]}],"shapes":[{"ty":"gr","it":[{"d":1,"ty":"el","s":{"a":0,"k":[11.545,11.545],"ix":2},"p":{"a":0,"k":[0,0],"ix":3},"nm":"Tracé d'ellipse 1","mn":"ADBE Vector Shape - Ellipse","hd":false},{"ty":"fl","c":{"a":0,"k":[0.149019607843,0.725490196078,0.6,1],"ix":4},"o":{"a":0,"k":100,"ix":5},"r":1,"bm":0,"nm":"Fond 1","mn":"ADBE Vector Graphic - Fill","hd":false},{"ty":"tr","p":{"a":0,"k":[18.874,-89.637],"ix":2},"a":{"a":0,"k":[0,0],"ix":1},"s":{"a":0,"k":[262.215,262.215],"ix":3},"r":{"a":0,"k":0,"ix":6},"o":{"a":0,"k":100,"ix":7},"sk":{"a":0,"k":0,"ix":4},"sa":{"a":0,"k":0,"ix":5},"nm":"Transformer "}],"nm":"Ellipse 1","np":3,"cix":2,"bm":0,"ix":1,"mn":"ADBE Vector Group","hd":false}],"ip":0,"op":900,"st":0,"bm":0},{"ddd":0,"ind":8,"ty":4,"nm":"Calque de forme 3","sr":1,"ks":{"o":{"a":0,"k":100,"ix":11},"r":{"a":0,"k":0,"ix":10},"p":{"a":0,"k":[199.5,293,0],"ix":2},"a":{"a":0,"k":[20,-87,0],"ix":1},"s":{"a":1,"k":[{"i":{"x":[0.667,0.667,0.667],"y":[1,1,1]},"o":{"x":[0.333,0.333,0.333],"y":[0,0,0]},"t":175.2,"s":[100,100,100]},{"t":184.8,"s":[0,0,100]}],"ix":6}},"ao":0,"shapes":[{"ty":"gr","it":[{"d":1,"ty":"el","s":{"a":0,"k":[27.904,27.904],"ix":2},"p":{"a":0,"k":[0,0],"ix":3},"nm":"Tracé d'ellipse 1","mn":"ADBE Vector Shape - Ellipse","hd":false},{"ty":"tm","s":{"a":0,"k":0,"ix":1},"e":{"a":1,"k":[{"i":{"x":[0.667],"y":[1]},"o":{"x":[0.333],"y":[0]},"t":144,"s":[0]},{"t":175.2,"s":[100]}],"ix":2},"o":{"a":0,"k":0,"ix":3},"m":1,"ix":2,"nm":"Raccorder les tracés 1","mn":"ADBE Vector Filter - Trim","hd":false},{"ty":"st","c":{"a":0,"k":[0.149019607843,0.725490196078,0.6,1],"ix":3},"o":{"a":0,"k":100,"ix":4},"w":{"a":0,"k":2,"ix":5},"lc":2,"lj":2,"bm":0,"nm":"Contour 1","mn":"ADBE Vector Graphic - Stroke","hd":false},{"ty":"tr","p":{"a":0,"k":[19.425,-87.222],"ix":2},"a":{"a":0,"k":[0,0],"ix":1},"s":{"a":0,"k":[100,100],"ix":3},"r":{"a":0,"k":0,"ix":6},"o":{"a":0,"k":100,"ix":7},"sk":{"a":0,"k":0,"ix":4},"sa":{"a":0,"k":0,"ix":5},"nm":"Transformer "}],"nm":"Ellipse 1","np":4,"cix":2,"bm":0,"ix":1,"mn":"ADBE Vector Group","hd":false}],"ip":0,"op":900,"st":0,"bm":0},{"ddd":0,"ind":9,"ty":4,"nm":"Calque de forme 2","sr":1,"ks":{"o":{"a":0,"k":100,"ix":11},"r":{"a":0,"k":0,"ix":10},"p":{"a":0,"k":[199,336,0],"ix":2},"a":{"a":0,"k":[19,-44,0],"ix":1},"s":{"a":1,"k":[{"i":{"x":[0.667,0.667,0.667],"y":[1,1,1]},"o":{"x":[0.333,0.333,0.333],"y":[0,0,0]},"t":108,"s":[100,0,100]},{"i":{"x":[0.833,0.833,0.833],"y":[1,1,1]},"o":{"x":[0.333,0.333,0.333],"y":[0,0,0]},"t":122.4,"s":[97,100,100]},{"t":247.2,"s":[105.54,105.54,100]}],"ix":6}},"ao":0,"shapes":[{"ty":"gr","it":[{"ty":"rc","d":1,"s":{"a":0,"k":[45.871,90.319],"ix":2},"p":{"a":0,"k":[0,0],"ix":3},"r":{"a":0,"k":0,"ix":4},"nm":"Tracé rectangulaire 1","mn":"ADBE Vector Shape - Rect","hd":false},{"ty":"fl","c":{"a":0,"k":[1,1,1,1],"ix":4},"o":{"a":0,"k":100,"ix":5},"r":1,"bm":0,"nm":"Fond 1","mn":"ADBE Vector Graphic - Fill","hd":false},{"ty":"tr","p":{"a":0,"k":[19.186,-89.09],"ix":2},"a":{"a":0,"k":[0,0],"ix":1},"s":{"a":0,"k":[100,100],"ix":3},"r":{"a":0,"k":0,"ix":6},"o":{"a":0,"k":100,"ix":7},"sk":{"a":0,"k":0,"ix":4},"sa":{"a":0,"k":0,"ix":5},"nm":"Transformer "}],"nm":"Rectangle 1","np":3,"cix":2,"bm":0,"ix":1,"mn":"ADBE Vector Group","hd":false}],"ip":0,"op":900,"st":0,"bm":0}]},{"id":"comp_3","layers":[{"ddd":0,"ind":1,"ty":4,"nm":"Rectangle_1496_1_","sr":1,"ks":{"o":{"a":0,"k":100,"ix":11},"r":{"a":0,"k":344.306,"ix":10},"p":{"a":0,"k":[25.674,70.913,0],"ix":2},"a":{"a":0,"k":[0,0,0],"ix":1},"s":{"a":0,"k":[100,100,100],"ix":6}},"ao":0,"shapes":[{"ty":"gr","it":[{"ty":"rc","d":1,"s":{"a":0,"k":[35.5,5.3],"ix":2},"p":{"a":0,"k":[0,0],"ix":3},"r":{"a":0,"k":0,"ix":4},"nm":"Tracé rectangulaire 1","mn":"ADBE Vector Shape - Rect","hd":false},{"ty":"fl","c":{"a":0,"k":[1,1,1,1],"ix":4},"o":{"a":0,"k":100,"ix":5},"r":1,"bm":0,"nm":"Fond 1","mn":"ADBE Vector Graphic - Fill","hd":false},{"ty":"tr","p":{"a":0,"k":[0,0],"ix":2},"a":{"a":0,"k":[0,0],"ix":1},"s":{"a":0,"k":[100,100],"ix":3},"r":{"a":0,"k":0,"ix":6},"o":{"a":0,"k":100,"ix":7},"sk":{"a":0,"k":0,"ix":4},"sa":{"a":0,"k":0,"ix":5},"nm":"Transformer "}],"nm":"Rectangle_1496_1_","np":3,"cix":2,"bm":0,"ix":1,"mn":"ADBE Vector Group","hd":false}],"ip":0,"op":3600,"st":0,"bm":0},{"ddd":0,"ind":2,"ty":4,"nm":"Rectangle_1496","sr":1,"ks":{"o":{"a":0,"k":100,"ix":11},"r":{"a":0,"k":344.306,"ix":10},"p":{"a":0,"k":[34.73,58.501,0],"ix":2},"a":{"a":0,"k":[0,0,0],"ix":1},"s":{"a":0,"k":[100,100,100],"ix":6}},"ao":0,"shapes":[{"ty":"gr","it":[{"ty":"rc","d":1,"s":{"a":0,"k":[59.6,9.1],"ix":2},"p":{"a":0,"k":[0,0],"ix":3},"r":{"a":0,"k":0,"ix":4},"nm":"Tracé rectangulaire 1","mn":"ADBE Vector Shape - Rect","hd":false},{"ty":"fl","c":{"a":0,"k":[1,1,1,1],"ix":4},"o":{"a":0,"k":100,"ix":5},"r":1,"bm":0,"nm":"Fond 1","mn":"ADBE Vector Graphic - Fill","hd":false},{"ty":"tr","p":{"a":0,"k":[0,0],"ix":2},"a":{"a":0,"k":[0,0],"ix":1},"s":{"a":0,"k":[100,100],"ix":3},"r":{"a":0,"k":0,"ix":6},"o":{"a":0,"k":100,"ix":7},"sk":{"a":0,"k":0,"ix":4},"sa":{"a":0,"k":0,"ix":5},"nm":"Transformer "}],"nm":"Rectangle_1496","np":3,"cix":2,"bm":0,"ix":1,"mn":"ADBE Vector Group","hd":false}],"ip":0,"op":3600,"st":0,"bm":0},{"ddd":0,"ind":3,"ty":4,"nm":"Rectangle_1495","sr":1,"ks":{"o":{"a":0,"k":100,"ix":11},"r":{"a":0,"k":344.306,"ix":10},"p":{"a":0,"k":[31.386,46.708,0],"ix":2},"a":{"a":0,"k":[0,0,0],"ix":1},"s":{"a":0,"k":[100,100,100],"ix":6}},"ao":0,"shapes":[{"ty":"gr","it":[{"ty":"rc","d":1,"s":{"a":0,"k":[63.3,6.3],"ix":2},"p":{"a":0,"k":[0,0],"ix":3},"r":{"a":0,"k":0,"ix":4},"nm":"Tracé rectangulaire 1","mn":"ADBE Vector Shape - Rect","hd":false},{"ty":"fl","c":{"a":0,"k":[0.262745098039,0.290196078431,0.329411764706,1],"ix":4},"o":{"a":0,"k":100,"ix":5},"r":1,"bm":0,"nm":"Fond 1","mn":"ADBE Vector Graphic - Fill","hd":false},{"ty":"tr","p":{"a":0,"k":[0,0],"ix":2},"a":{"a":0,"k":[0,0],"ix":1},"s":{"a":0,"k":[100,100],"ix":3},"r":{"a":0,"k":0,"ix":6},"o":{"a":0,"k":100,"ix":7},"sk":{"a":0,"k":0,"ix":4},"sa":{"a":0,"k":0,"ix":5},"nm":"Transformer "}],"nm":"Rectangle_1495","np":3,"cix":2,"bm":0,"ix":1,"mn":"ADBE Vector Group","hd":false}],"ip":0,"op":3600,"st":0,"bm":0},{"ddd":0,"ind":4,"ty":4,"nm":"Rectangle_1494","sr":1,"ks":{"o":{"a":0,"k":100,"ix":11},"r":{"a":0,"k":0,"ix":10},"p":{"a":0,"k":[34.515,56.7,0],"ix":2},"a":{"a":0,"k":[34.515,26.232,0],"ix":1},"s":{"a":0,"k":[100,100,100],"ix":6}},"ao":0,"shapes":[{"ty":"gr","it":[{"ind":0,"ty":"sh","ix":1,"ks":{"a":0,"k":{"i":[[-3.102,0.9],[0,0],[-0.801,-3.1],[0,0],[3.1,-0.8],[0,0],[0.801,3.1],[0,0]],"o":[[0,0],[3,-0.9],[0,0],[0.9,3],[0,0],[-3,0.9],[0,0],[-0.801,-3]],"v":[[4.197,14.232],[54.197,0.232],[61.197,4.232],[68.797,31.232],[64.797,38.232],[14.797,52.232],[7.797,48.232],[0.197,21.232]],"c":true},"ix":2},"nm":"Tracé 1","mn":"ADBE Vector Shape - Group","hd":false},{"ty":"fl","c":{"a":0,"k":[0.76862745098,0.780392156863,0.796078431373,1],"ix":4},"o":{"a":0,"k":100,"ix":5},"r":1,"bm":0,"nm":"Fond 1","mn":"ADBE Vector Graphic - Fill","hd":false},{"ty":"tr","p":{"a":0,"k":[0,0],"ix":2},"a":{"a":0,"k":[0,0],"ix":1},"s":{"a":0,"k":[100,100],"ix":3},"r":{"a":0,"k":0,"ix":6},"o":{"a":0,"k":100,"ix":7},"sk":{"a":0,"k":0,"ix":4},"sa":{"a":0,"k":0,"ix":5},"nm":"Transformer "}],"nm":"Rectangle_1494","np":3,"cix":2,"bm":0,"ix":1,"mn":"ADBE Vector Group","hd":false}],"ip":0,"op":3600,"st":0,"bm":0}]}],"fonts":{"list":[{"fName":"Roboto-Medium","fFamily":"Roboto","fStyle":"Medium","ascent":75},{"fName":"Krub-Bold","fFamily":"Krub","fStyle":"Bold","ascent":79.0985107421875}]},"layers":[{"ddd":0,"ind":1,"ty":4,"nm":"Mobile","sr":1,"ks":{"o":{"a":0,"k":100,"ix":11},"r":{"a":0,"k":0,"ix":10},"p":{"a":1,"k":[{"i":{"x":0.281,"y":1},"o":{"x":0.742,"y":0},"t":0,"s":[156.5,50.5,0],"to":[-42.042,0,0],"ti":[8.583,0,0]},{"t":48,"s":[105,50.5,0]}],"ix":2},"a":{"a":0,"k":[24.553,50,0],"ix":1},"s":{"a":0,"k":[100,100,100],"ix":6}},"ao":0,"shapes":[{"ty":"gr","it":[{"ind":0,"ty":"sh","ix":1,"ks":{"a":0,"k":{"i":[[4.211,0],[0,0],[0,-4.209],[0,0],[-4.211,0],[0,0],[0,4.209],[0,0]],"o":[[0,0],[-4.211,0],[0,0],[0,4.209],[0,0],[4.211,0],[0,0],[0.004,-4.209]],"v":[[41.486,0],[7.625,0],[0,7.623],[0,92.379],[7.625,100],[41.482,100],[49.107,92.379],[49.107,7.623]],"c":true},"ix":2},"nm":"Tracé 1","mn":"ADBE Vector Shape - Group","hd":false},{"ind":1,"ty":"sh","ix":2,"ks":{"a":0,"k":{"i":[[-0.25,0],[0,-0.25],[0.25,0],[0,0.25]],"o":[[0.25,0],[0,0.25],[-0.25,0],[0,-0.25]],"v":[[29.992,2.547],[30.445,3],[29.992,3.453],[29.538,3]],"c":true},"ix":2},"nm":"Tracé 2","mn":"ADBE Vector Shape - Group","hd":false},{"ind":2,"ty":"sh","ix":3,"ks":{"a":0,"k":{"i":[[-0.147,0],[0,0],[0,-0.147],[0.148,0],[0,0],[0,0.147]],"o":[[0,0],[0.146,0],[0,0.147],[0,0],[-0.146,0],[0,-0.147]],"v":[[20.93,2.734],[28.18,2.734],[28.447,3],[28.18,3.266],[20.93,3.266],[20.663,3]],"c":true},"ix":2},"nm":"Tracé 3","mn":"ADBE Vector Shape - Group","hd":false},{"ind":3,"ty":"sh","ix":4,"ks":{"a":0,"k":{"i":[[0,0],[1.656,0],[0,0],[0,1.656],[0,0],[-1.657,0],[0,0],[0,-1.657]],"o":[[0,1.656],[0,0],[-1.657,0],[0,0],[0,-1.657],[0,0],[1.656,0],[0,0]],"v":[[47.257,91.682],[43.257,94.682],[5.853,94.682],[1.853,91.682],[1.853,8.319],[5.853,5.319],[43.257,5.319],[47.257,8.319]],"c":true},"ix":2},"nm":"Tracé 4","mn":"ADBE Vector Shape - Group","hd":false},{"ty":"fl","c":{"a":0,"k":[0,0,0,1],"ix":4},"o":{"a":0,"k":100,"ix":5},"r":1,"bm":0,"nm":"Fond 1","mn":"ADBE Vector Graphic - Fill","hd":false},{"ty":"tr","p":{"a":0,"k":[0,0],"ix":2},"a":{"a":0,"k":[0,0],"ix":1},"s":{"a":0,"k":[100,100],"ix":3},"r":{"a":0,"k":0,"ix":6},"o":{"a":0,"k":100,"ix":7},"sk":{"a":0,"k":0,"ix":4},"sa":{"a":0,"k":0,"ix":5},"nm":"Transformer "}],"nm":"Tracé 2275","np":6,"cix":2,"bm":0,"ix":1,"mn":"ADBE Vector Group","hd":false}],"ip":0,"op":3600,"st":0,"bm":0},{"ddd":0,"ind":2,"ty":0,"nm":"Scan mobile","refId":"comp_0","sr":1,"ks":{"o":{"a":0,"k":100,"ix":11},"r":{"a":0,"k":0,"ix":10},"p":{"a":0,"k":[54.25,47.75,0],"ix":2},"a":{"a":0,"k":[102,53.5,0],"ix":1},"s":{"a":0,"k":[100,100,100],"ix":6}},"ao":0,"hasMask":true,"masksProperties":[{"inv":false,"mode":"a","pt":{"a":0,"k":{"i":[[0,0],[0,0],[0,0],[0,0]],"o":[[0,0],[0,0],[0,0],[0,0]],"v":[[0,0],[0,107],[204,107],[204,0]],"c":true},"ix":1},"o":{"a":1,"k":[{"i":{"x":[0.833],"y":[0.833]},"o":{"x":[0.167],"y":[0.167]},"t":48,"s":[0]},{"i":{"x":[0.833],"y":[0.833]},"o":{"x":[0.167],"y":[0.167]},"t":74.4,"s":[100]},{"i":{"x":[0.833],"y":[0.833]},"o":{"x":[0.167],"y":[0.167]},"t":233,"s":[100]},{"t":246,"s":[0]}],"ix":3},"x":{"a":0,"k":0,"ix":4},"nm":"Masque 1"}],"w":204,"h":107,"ip":48,"op":998.4,"st":48,"bm":0},{"ddd":0,"ind":3,"ty":0,"nm":"Loader","refId":"comp_2","sr":1,"ks":{"o":{"a":0,"k":100,"ix":11},"r":{"a":0,"k":0,"ix":10},"p":{"a":0,"k":[85.5,140.25,0],"ix":2},"a":{"a":0,"k":[180,380,0],"ix":1},"s":{"a":0,"k":[103.158,103.158,100],"ix":6}},"ao":0,"w":360,"h":760,"ip":120,"op":1020,"st":120,"bm":0},{"ddd":0,"ind":4,"ty":4,"nm":"Tracé 2292","sr":1,"ks":{"o":{"a":0,"k":100,"ix":11},"r":{"a":0,"k":0,"ix":10},"p":{"a":1,"k":[{"i":{"x":0.281,"y":1},"o":{"x":0.742,"y":0},"t":0,"s":[156.5,50.5,0],"to":[-42.042,0,0],"ti":[8.583,0,0]},{"t":48,"s":[105,50.5,0]}],"ix":2},"a":{"a":0,"k":[23,46,0],"ix":1},"s":{"a":0,"k":[100,100,100],"ix":6}},"ao":0,"shapes":[{"ty":"gr","it":[{"ind":0,"ty":"sh","ix":1,"ks":{"a":0,"k":{"i":[[0,0],[0,0],[0,0],[0,0]],"o":[[0,0],[0,0],[0,0],[0,0]],"v":[[0,0],[46,0],[46,92],[0,92]],"c":true},"ix":2},"nm":"Tracé 1","mn":"ADBE Vector Shape - Group","hd":false},{"ty":"op","nm":"Décaler les tracés 1","a":{"a":0,"k":-0.5,"ix":1},"lj":1,"ml":{"a":0,"k":4,"ix":3},"ix":3,"mn":"ADBE Vector Filter - Offset","hd":false},{"ty":"tr","p":{"a":0,"k":[0,0],"ix":2},"a":{"a":0,"k":[0,0],"ix":1},"s":{"a":0,"k":[100,100],"ix":3},"r":{"a":0,"k":0,"ix":6},"o":{"a":0,"k":100,"ix":7},"sk":{"a":0,"k":0,"ix":4},"sa":{"a":0,"k":0,"ix":5},"nm":"Transformer "}],"nm":"Tracé 2292 Stroke","np":3,"cix":2,"bm":0,"ix":1,"mn":"ADBE Vector Group","hd":false},{"ty":"gr","it":[{"ind":0,"ty":"sh","ix":1,"ks":{"a":0,"k":{"i":[[0,0],[0,0],[0,0],[0,0]],"o":[[0,0],[0,0],[0,0],[0,0]],"v":[[0,0],[46,0],[46,92],[0,92]],"c":true},"ix":2},"nm":"Tracé 1","mn":"ADBE Vector Shape - Group","hd":false},{"ty":"fl","c":{"a":0,"k":[0.945098039216,0.956862745098,0.976470588235,1],"ix":4},"o":{"a":0,"k":100,"ix":5},"r":1,"bm":0,"nm":"Fond 1","mn":"ADBE Vector Graphic - Fill","hd":false},{"ty":"tr","p":{"a":0,"k":[0,0],"ix":2},"a":{"a":0,"k":[0,0],"ix":1},"s":{"a":0,"k":[100,100],"ix":3},"r":{"a":0,"k":0,"ix":6},"o":{"a":0,"k":100,"ix":7},"sk":{"a":0,"k":0,"ix":4},"sa":{"a":0,"k":0,"ix":5},"nm":"Transformer "}],"nm":"Tracé 2292 Fill","np":2,"cix":2,"bm":0,"ix":2,"mn":"ADBE Vector Group","hd":false}],"ip":0,"op":3600,"st":0,"bm":0},{"ddd":0,"ind":6,"ty":0,"nm":"Carte CB","refId":"comp_3","sr":1,"ks":{"o":{"a":0,"k":100,"ix":11},"r":{"a":0,"k":0,"ix":10},"p":{"a":1,"k":[{"i":{"x":0.214,"y":1},"o":{"x":0.809,"y":0},"t":0,"s":[102,55.5,0],"to":[7.333,0,0],"ti":[-7.333,0,0]},{"t":48,"s":[146,55.5,0]}],"ix":2},"a":{"a":0,"k":[102,53.5,0],"ix":1},"s":{"a":0,"k":[100,100,100],"ix":6}},"ao":0,"w":204,"h":107,"ip":0,"op":3600,"st":0,"bm":0}],"markers":[],"chars":[{"ch":"P","size":4,"style":"Medium","w":63.92,"data":{"shapes":[{"ty":"gr","it":[{"ind":0,"ty":"sh","ix":1,"ks":{"a":0,"k":{"i":[[0,0],[-4.574,3.878],[0,6.974],[4.671,4.139],[7.942,0],[0,0],[0,0],[0,0],[0,0]],"o":[[8.235,0],[4.573,-3.878],[0,-6.81],[-4.671,-4.138],[0,0],[0,0],[0,0],[0,0],[0,0]],"v":[[34.277,-26.367],[53.491,-32.184],[60.352,-48.462],[53.345,-64.886],[34.424,-71.094],[7.227,-71.094],[7.227,0],[19.58,0],[19.58,-26.367]],"c":true},"ix":2},"nm":"P","mn":"ADBE Vector Shape - Group","hd":false},{"ind":1,"ty":"sh","ix":2,"ks":{"a":0,"k":{"i":[[0,0],[0,0],[-2.344,-2.295],[0,-3.841],[2.311,-2.067],[4.395,0],[0,0]],"o":[[0,0],[4.102,0.066],[2.344,2.295],[0,3.906],[-2.312,2.068],[0,0],[0,0]],"v":[[19.58,-61.133],[34.766,-61.133],[44.434,-57.593],[47.949,-48.389],[44.482,-39.429],[34.424,-36.328],[19.58,-36.328]],"c":true},"ix":2},"nm":"P","mn":"ADBE Vector Shape - Group","hd":false}],"nm":"P","np":5,"cix":2,"bm":0,"ix":1,"mn":"ADBE Vector Group","hd":false}]},"fFamily":"Roboto"},{"ch":"a","size":4,"style":"Medium","w":54.1,"data":{"shapes":[{"ty":"gr","it":[{"ind":0,"ty":"sh","ix":1,"ks":{"a":0,"k":{"i":[[0,0],[0,0],[0,4.753],[0,0],[3.678,3.109],[6.184,0],[3.304,-1.432],[1.92,-2.522],[0,-2.897],[0,0],[-1.726,1.351],[-2.702,0],[-1.53,-1.643],[0,-2.734],[0,0],[0,0],[4.182,-3.011],[0,-5.631],[-3.353,-3.027],[-5.306,0],[-3.777,3.939],[-0.521,-1.009]],"o":[[0,0],[-1.335,-2.832],[0,0],[-0.098,-5.631],[-3.679,-3.108],[-4.07,0],[-3.304,1.433],[-1.921,2.523],[0,0],[0,-2.083],[1.725,-1.35],[3.125,0],[1.53,1.644],[0,0],[0,0],[-7.78,0],[-4.183,3.011],[0,4.46],[3.352,3.027],[5.469,0],[0.391,2.279],[0,0]],"v":[[49.756,0],[49.756,-0.83],[47.754,-12.207],[47.754,-36.035],[42.09,-49.146],[27.295,-53.809],[16.235,-51.66],[8.398,-45.728],[5.518,-37.598],[17.383,-37.598],[19.971,-42.749],[26.611,-44.775],[33.594,-42.31],[35.889,-35.742],[35.889,-32.275],[28.613,-32.275],[10.669,-27.759],[4.395,-14.795],[9.424,-3.564],[22.412,0.977],[36.279,-4.932],[37.646,0]],"c":true},"ix":2},"nm":"a","mn":"ADBE Vector Shape - Group","hd":false},{"ind":1,"ty":"sh","ix":2,"ks":{"a":0,"k":{"i":[[1.514,1.351],[0,2.279],[-2.214,1.53],[-4.395,0],[0,0],[0,0],[2.067,-1.139],[2.344,0]],"o":[[-1.514,-1.35],[0,-2.799],[2.213,-1.53],[0,0],[0,0],[-1.042,1.921],[-2.068,1.14],[-2.539,0]],"v":[[18.53,-10.571],[16.26,-16.016],[19.58,-22.51],[29.492,-24.805],[35.889,-24.805],[35.889,-14.844],[31.226,-10.254],[24.609,-8.545]],"c":true},"ix":2},"nm":"a","mn":"ADBE Vector Shape - Group","hd":false}],"nm":"a","np":5,"cix":2,"bm":0,"ix":1,"mn":"ADBE Vector Group","hd":false}]},"fFamily":"Roboto"},{"ch":"r","size":4,"style":"Medium","w":35.16,"data":{"shapes":[{"ty":"gr","it":[{"ind":0,"ty":"sh","ix":1,"ks":{"a":0,"k":{"i":[[0,0],[1.692,0],[2.864,-4.59],[0,0],[0,0],[0,0],[0,0],[0,0],[-5.437,0],[-1.562,-0.26]],"o":[[-1.107,-0.455],[-5.078,0],[0,0],[0,0],[0,0],[0,0],[0,0],[1.888,-4.166],[1.66,0],[0,0]],"v":[[33.789,-53.125],[29.59,-53.809],[17.676,-46.924],[17.383,-52.832],[6.055,-52.832],[6.055,0],[17.92,0],[17.92,-36.133],[28.906,-42.383],[33.74,-41.992]],"c":true},"ix":2},"nm":"r","mn":"ADBE Vector Shape - Group","hd":false}],"nm":"r","np":3,"cix":2,"bm":0,"ix":1,"mn":"ADBE Vector Group","hd":false}]},"fFamily":"Roboto"},{"ch":"t","size":4,"style":"Medium","w":33.25,"data":{"shapes":[{"ty":"gr","it":[{"ind":0,"ty":"sh","ix":1,"ks":{"a":0,"k":{"i":[[0,0],[0,0],[0,0],[0,0],[0,0],[0,0],[-9.115,0],[-2.702,0.748],[0,0],[1.367,0],[0.797,0.896],[0,2.019],[0,0],[0,0],[0,0],[0,0],[0,0]],"o":[[0,0],[0,0],[0,0],[0,0],[0,0],[0,10.059],[2.506,0],[0,0],[-1.4,0.326],[-2.051,0],[-0.798,-0.895],[0,0],[0,0],[0,0],[0,0],[0,0],[0,0]],"v":[[9.082,-65.674],[9.082,-52.832],[0.391,-52.832],[0.391,-44.043],[9.082,-44.043],[9.082,-14.111],[22.754,0.977],[30.566,-0.146],[30.566,-9.326],[26.416,-8.838],[22.144,-10.181],[20.947,-14.551],[20.947,-44.043],[30.273,-44.043],[30.273,-52.832],[20.947,-52.832],[20.947,-65.674]],"c":true},"ix":2},"nm":"t","mn":"ADBE Vector Shape - Group","hd":false}],"nm":"t","np":3,"cix":2,"bm":0,"ix":1,"mn":"ADBE Vector Group","hd":false}]},"fFamily":"Roboto"},{"ch":"i","size":4,"style":"Medium","w":25.54,"data":{"shapes":[{"ty":"gr","it":[{"ind":0,"ty":"sh","ix":1,"ks":{"a":0,"k":{"i":[[0,0],[0,0],[0,0],[0,0]],"o":[[0,0],[0,0],[0,0],[0,0]],"v":[[18.701,-52.832],[6.836,-52.832],[6.836,0],[18.701,0]],"c":true},"ix":2},"nm":"i","mn":"ADBE Vector Shape - Group","hd":false},{"ind":1,"ty":"sh","ix":2,"ks":{"a":0,"k":{"i":[[-1.156,-1.188],[-2.148,0],[-1.172,1.189],[0,1.791],[1.172,1.205],[2.148,0],[1.155,-1.204],[0,-1.823]],"o":[[1.155,1.189],[2.148,0],[1.172,-1.188],[0,-1.823],[-1.172,-1.204],[-2.148,0],[-1.156,1.205],[0,1.791]],"v":[[7.837,-62.085],[12.793,-60.303],[17.773,-62.085],[19.531,-66.553],[17.773,-71.094],[12.793,-72.9],[7.837,-71.094],[6.104,-66.553]],"c":true},"ix":2},"nm":"i","mn":"ADBE Vector Shape - Group","hd":false}],"nm":"i","np":5,"cix":2,"bm":0,"ix":1,"mn":"ADBE Vector Group","hd":false}]},"fFamily":"Roboto"},{"ch":"c","size":4,"style":"Medium","w":52.34,"data":{"shapes":[{"ty":"gr","it":[{"ind":0,"ty":"sh","ix":1,"ks":{"a":0,"k":{"i":[[2.067,2.816],[0,5.73],[0,0],[-2.084,2.783],[-3.841,0],[-1.937,-1.953],[-0.13,-3.027],[0,0],[3.955,3.662],[6.282,0],[4.297,-4.834],[0,-8.04],[0,0],[-4.33,-4.785],[-7.39,0],[-3.288,1.66],[-1.921,2.849],[-0.13,3.288],[0,0],[1.953,-1.725],[2.962,0]],"o":[[-2.068,-2.815],[0,0],[0.032,-5.664],[2.083,-2.783],[2.995,0],[1.936,1.953],[0,0],[-0.195,-5.957],[-3.955,-3.662],[-7.422,0],[-4.297,4.834],[0,0],[0,8.431],[4.329,4.785],[3.809,0],[3.288,-1.66],[1.92,-2.848],[0,0],[-0.13,2.539],[-1.953,1.726],[-3.906,0]],"v":[[18.823,-12.72],[15.723,-25.537],[15.723,-27.441],[18.896,-40.112],[27.783,-44.287],[35.181,-41.357],[38.281,-33.887],[49.463,-33.887],[43.237,-48.315],[27.881,-53.809],[10.303,-46.558],[3.857,-27.246],[3.857,-26.025],[10.352,-6.201],[27.93,0.977],[38.574,-1.514],[46.387,-8.276],[49.463,-17.48],[38.281,-17.48],[35.156,-11.084],[27.783,-8.496]],"c":true},"ix":2},"nm":"c","mn":"ADBE Vector Shape - Group","hd":false}],"nm":"c","np":3,"cix":2,"bm":0,"ix":1,"mn":"ADBE Vector Group","hd":false}]},"fFamily":"Roboto"},{"ch":"p","size":4,"style":"Medium","w":56.3,"data":{"shapes":[{"ty":"gr","it":[{"ind":0,"ty":"sh","ix":1,"ks":{"a":0,"k":{"i":[[0,0],[3.662,4.802],[6.445,0],[3.483,-4.231],[0,0],[0,0],[0,0],[0,0],[0,0],[-5.795,0],[-3.711,4.867],[0,8.171]],"o":[[0,-8.528],[-3.662,-4.801],[-5.99,0],[0,0],[0,0],[0,0],[0,0],[0,0],[3.483,3.809],[6.25,0],[3.711,-4.866],[0,0]],"v":[[52.344,-26.611],[46.851,-46.606],[31.689,-53.809],[17.48,-47.461],[16.992,-52.832],[6.055,-52.832],[6.055,20.312],[17.92,20.312],[17.92,-4.736],[31.836,0.977],[46.777,-6.323],[52.344,-25.879]],"c":true},"ix":2},"nm":"p","mn":"ADBE Vector Shape - Group","hd":false},{"ind":1,"ty":"sh","ix":2,"ks":{"a":0,"k":{"i":[[2.132,-3.043],[3.776,0],[2.148,4.102],[0,0],[-4.851,0],[-2.1,-3.092],[0,-5.273]],"o":[[-2.132,3.044],[-4.883,0],[0,0],[2.116,-4.004],[3.906,0],[2.1,3.093],[0,6.185]],"v":[[37.329,-13.062],[28.467,-8.496],[17.92,-14.648],[17.92,-38.086],[28.369,-44.092],[37.378,-39.453],[40.527,-26.904]],"c":true},"ix":2},"nm":"p","mn":"ADBE Vector Shape - Group","hd":false}],"nm":"p","np":5,"cix":2,"bm":0,"ix":1,"mn":"ADBE Vector Group","hd":false}]},"fFamily":"Roboto"},{"ch":"e","size":4,"style":"Medium","w":53.66,"data":{"shapes":[{"ty":"gr","it":[{"ind":0,"ty":"sh","ix":1,"ks":{"a":0,"k":{"i":[[-3.532,1.741],[-2.116,3.158],[0,0],[5.436,0],[2.555,2.539],[0.358,4.362],[0,0],[0,0],[3.922,4.59],[7.194,0],[3.678,-2.311],[2.034,-4.15],[0,-5.273],[0,0],[-4.671,-4.736],[-7.52,0]],"o":[[3.532,-1.741],[0,0],[-3.418,4.395],[-3.874,0],[-2.556,-2.539],[0,0],[0,0],[0,-8.398],[-3.923,-4.59],[-4.525,0],[-3.679,2.312],[-2.035,4.15],[0,0],[0,7.878],[4.671,4.736],[4.395,0]],"v":[[41.235,-1.636],[49.707,-8.984],[43.311,-15.088],[30.029,-8.496],[20.386,-12.305],[16.016,-22.656],[50.537,-22.656],[50.537,-27.441],[44.653,-46.924],[27.979,-53.809],[15.674,-50.342],[7.104,-40.649],[4.053,-26.514],[4.053,-25.049],[11.06,-6.128],[29.346,0.977]],"c":true},"ix":2},"nm":"e","mn":"ADBE Vector Shape - Group","hd":false},{"ind":1,"ty":"sh","ix":2,"ks":{"a":0,"k":{"i":[[-1.855,-2.034],[-0.261,-3.971],[0,0],[0,0],[-2.002,2.279],[-3.255,0]],"o":[[1.855,2.035],[0,0],[0,0],[0.553,-4.069],[2.002,-2.278],[3.288,0]],"v":[[35.645,-41.235],[38.818,-32.227],[38.818,-31.348],[16.211,-31.348],[20.044,-40.869],[27.93,-44.287]],"c":true},"ix":2},"nm":"e","mn":"ADBE Vector Shape - Group","hd":false}],"nm":"e","np":5,"cix":2,"bm":0,"ix":1,"mn":"ADBE Vector Group","hd":false}]},"fFamily":"Roboto"},{"ch":"P","size":5,"style":"Bold","w":61.5,"data":{"shapes":[{"ty":"gr","it":[{"ind":0,"ty":"sh","ix":1,"ks":{"a":0,"k":{"i":[[9.066,0],[0,0],[0,0],[0,0],[0,0],[0,0],[-4.834,4.2],[0,7.667],[4.733,3.867]],"o":[[0,0],[0,0],[0,0],[0,0],[0,0],[8.866,0],[4.833,-4.2],[0,-7.466],[-4.734,-3.866]],"v":[[29.4,-70],[7.6,-70],[7.6,0],[23,0],[23,-23.1],[29.4,-23.1],[49.95,-29.4],[57.2,-47.2],[50.1,-64.2]],"c":true},"ix":2},"nm":"P","mn":"ADBE Vector Shape - Group","hd":false},{"ind":1,"ty":"sh","ix":2,"ks":{"a":0,"k":{"i":[[4.666,0],[0,0],[0,0],[0,0],[-2.067,-1.933],[0,-4.4],[2.066,-2]],"o":[[0,0],[0,0],[0,0],[4.666,0],[2.066,1.934],[0,4.467],[-2.067,2]],"v":[[28.4,-34.5],[23,-34.5],[23,-59.6],[28.4,-59.6],[38.5,-56.7],[41.6,-47.2],[38.5,-37.5]],"c":true},"ix":2},"nm":"P","mn":"ADBE Vector Shape - Group","hd":false}],"nm":"P","np":5,"cix":2,"bm":0,"ix":1,"mn":"ADBE Vector Group","hd":false}]},"fFamily":"Krub"},{"ch":"a","size":5,"style":"Bold","w":56.8,"data":{"shapes":[{"ty":"gr","it":[{"ind":0,"ty":"sh","ix":1,"ks":{"a":0,"k":{"i":[[0,5.467],[0,0],[3.733,3.234],[6.933,0],[4.7,-1.5],[2.6,-2.266],[-1.367,-1.6],[-1.2,0],[-0.334,0.267],[-2.1,0.834],[-2.134,0],[-1.434,-1.333],[0,-2.733],[0,0],[5.033,-2.966],[0,-6],[-3,-2.633],[-4.867,0],[-2.467,1.2],[-1.8,2.8],[-1,-1.2],[-1.667,0],[-2.2,0.633],[-1.4,1],[0.433,2.4]],"o":[[0,0],[0,-6],[-3.734,-3.233],[-4.6,0],[-4.7,1.5],[1.066,2.6],[1.366,1.6],[0.6,0],[3.066,-2.066],[2.1,-0.833],[2.933,0],[1.433,1.334],[0,0],[-11.134,0.6],[-5.034,2.967],[0,4.267],[3,2.634],[3.933,0],[2.466,-1.2],[0.466,2.6],[1,1.2],[1.8,0],[2.2,-0.633],[-1.334,-1.733],[-0.434,-2.4]],"v":[[50.6,-20.7],[50.6,-37.3],[45,-51.15],[29,-56],[15.05,-53.75],[4.1,-48.1],[7.75,-41.8],[11.6,-39.4],[13,-39.8],[20.75,-44.15],[27.1,-45.4],[33.65,-43.4],[35.8,-37.3],[35.8,-32.1],[11.55,-26.75],[4,-13.3],[8.5,-2.95],[20.3,1],[29.9,-0.8],[36.3,-6.8],[38.5,-1.1],[42.5,0.7],[48.5,-0.25],[53.9,-2.7],[51.25,-8.9]],"c":true},"ix":2},"nm":"a","mn":"ADBE Vector Shape - Group","hd":false},{"ind":1,"ty":"sh","ix":2,"ks":{"a":0,"k":{"i":[[2,0],[1.2,1.134],[0,1.934],[-2.834,1.634],[-5.534,0.2],[0,0],[1.7,-1.4]],"o":[[-1.934,0],[-1.2,-1.133],[0,-3],[2.833,-1.633],[0,0],[-1.467,2.934],[-1.7,1.4]],"v":[[25.5,-8.6],[20.8,-10.3],[19,-14.9],[23.25,-21.85],[35.8,-24.6],[35.8,-17.2],[31.05,-10.7]],"c":true},"ix":2},"nm":"a","mn":"ADBE Vector Shape - Group","hd":false}],"nm":"a","np":5,"cix":2,"bm":0,"ix":1,"mn":"ADBE Vector Group","hd":false}]},"fFamily":"Krub"},{"ch":"r","size":5,"style":"Bold","w":44,"data":{"shapes":[{"ty":"gr","it":[{"ind":0,"ty":"sh","ix":1,"ks":{"a":0,"k":{"i":[[3.2,0],[2.133,-1.366],[1.333,-2.6],[0,0],[0,0],[0,0],[0,0],[0,0],[-2.1,2.667],[-4.334,0],[-1,-0.2],[-0.8,-0.466],[-0.3,1.1],[0,1.134],[1.466,1.367]],"o":[[-2.6,0],[-2.134,1.367],[0,0],[0,0],[0,0],[0,0],[0,0],[0,-5.466],[2.1,-2.666],[1.866,0],[1,0.2],[0.533,-0.6],[0.3,-1.1],[0,-3],[-1.467,-1.366]],"v":[[33.6,-55.7],[26.5,-53.65],[21.3,-47.7],[21.3,-55],[6.5,-55],[6.5,0],[21.3,0],[21.3,-26.3],[24.45,-38.5],[34.1,-42.5],[38.4,-42.2],[41.1,-41.2],[42.35,-43.75],[42.8,-47.1],[40.6,-53.65]],"c":true},"ix":2},"nm":"r","mn":"ADBE Vector Shape - Group","hd":false}],"nm":"r","np":3,"cix":2,"bm":0,"ix":1,"mn":"ADBE Vector Group","hd":false}]},"fFamily":"Krub"},{"ch":"t","size":5,"style":"Bold","w":40.5,"data":{"shapes":[{"ty":"gr","it":[{"ind":0,"ty":"sh","ix":1,"ks":{"a":0,"k":{"i":[[0.733,0.2],[2.133,0],[0.766,0.967],[0,2.334],[0,0],[0,0],[0,0],[0,0],[0,0],[0,0],[0,0],[0,0],[0,0],[0,0],[0,0],[-2.8,-2.566],[-4.6,0],[-2.434,0.666],[-1.067,1.067],[0,1.4],[0.4,0.667]],"o":[[-2.934,1.134],[-1.934,0],[-0.767,-0.966],[0,0],[0,0],[0,0],[0,0],[0,0],[0,0],[0,0],[0,0],[0,0],[0,0],[0,0],[0,4.267],[2.8,2.567],[2.933,0],[2.433,-0.666],[0.866,-0.866],[0,-0.933],[-0.4,-0.666]],"v":[[37.2,-9.7],[29.6,-8],[25.55,-9.45],[24.4,-14.4],[24.4,-45.6],[34.8,-45.6],[34.8,-55],[24.4,-55],[24.4,-70],[9.6,-70],[9.6,-55],[1.2,-55],[1.2,-45.6],[9.6,-45.6],[9.6,-13.1],[13.8,-2.85],[24.9,1],[32.95,0],[38.2,-2.6],[39.5,-6],[38.9,-8.4]],"c":true},"ix":2},"nm":"t","mn":"ADBE Vector Shape - Group","hd":false}],"nm":"t","np":3,"cix":2,"bm":0,"ix":1,"mn":"ADBE Vector Group","hd":false}]},"fFamily":"Krub"},{"ch":"i","size":5,"style":"Bold","w":28.8,"data":{"shapes":[{"ty":"gr","it":[{"ind":0,"ty":"sh","ix":1,"ks":{"a":0,"k":{"i":[[0,0],[0,0],[0,0],[0,0]],"o":[[0,0],[0,0],[0,0],[0,0]],"v":[[7,0],[21.8,0],[21.8,-55],[7,-55]],"c":true},"ix":2},"nm":"i","mn":"ADBE Vector Shape - Group","hd":false},{"ind":1,"ty":"sh","ix":2,"ks":{"a":0,"k":{"i":[[-5.2,0],[0,0],[0,5.2],[0,0],[5.2,0],[0,0],[0,-5.2],[0,0]],"o":[[0,0],[5.2,0],[0,0],[0,-5.2],[0,0],[-5.2,0],[0,0],[0,5.2]],"v":[[13.7,-65.1],[15.1,-65.1],[22.9,-72.9],[22.9,-74.4],[15.1,-82.2],[13.7,-82.2],[5.9,-74.4],[5.9,-72.9]],"c":true},"ix":2},"nm":"i","mn":"ADBE Vector Shape - Group","hd":false}],"nm":"i","np":5,"cix":2,"bm":0,"ix":1,"mn":"ADBE Vector Group","hd":false}]},"fFamily":"Krub"},{"ch":"c","size":5,"style":"Bold","w":57.7,"data":{"shapes":[{"ty":"gr","it":[{"ind":0,"ty":"sh","ix":1,"ks":{"a":0,"k":{"i":[[-18.4,0],[-3.267,1.3],[-1.967,2.2],[0,2.534],[1.6,1.334],[3.666,0],[1.733,-2.033],[3,0],[2.033,3.034],[0,6.467],[-2.034,3.2],[-3.734,0],[-1.467,-1.166],[-1,-2.8],[-0.7,-0.666],[-1.067,0],[-3.867,2.334],[4.233,3.234],[6.533,0],[4.733,-5],[0,-8.8]],"o":[[3.733,0],[3.266,-1.3],[1.966,-2.2],[0,-3],[-1.6,-1.333],[-0.867,4.467],[-1.734,2.034],[-4.334,0],[-2.034,-3.033],[0,-6],[2.033,-3.2],[2.466,0],[1.466,1.167],[0.466,1.467],[0.7,0.667],[2.533,0],[-0.734,-5.533],[-4.234,-3.233],[-8.334,0],[-4.734,5],[0,19.2]],"v":[[30.6,1],[41.1,-0.95],[48.95,-6.2],[51.9,-13.3],[49.5,-19.8],[41.6,-21.8],[37.7,-12.05],[30.6,-9],[21.05,-13.55],[18,-27.8],[21.05,-41.6],[29.7,-46.4],[35.6,-44.65],[39.3,-38.7],[41.05,-35.5],[43.7,-34.5],[53.3,-38],[45.85,-51.15],[29.7,-56],[10.1,-48.5],[3,-27.8]],"c":true},"ix":2},"nm":"c","mn":"ADBE Vector Shape - Group","hd":false}],"nm":"c","np":3,"cix":2,"bm":0,"ix":1,"mn":"ADBE Vector Group","hd":false}]},"fFamily":"Krub"},{"ch":"p","size":5,"style":"Bold","w":59.8,"data":{"shapes":[{"ty":"gr","it":[{"ind":0,"ty":"sh","ix":1,"ks":{"a":0,"k":{"i":[[7.133,0],[4,-4.2],[0.866,0.934],[1.4,0],[2.1,-0.6],[1.866,-1.066],[-0.434,-2.433],[0,-5.4],[0,0],[0,0],[0,0],[-2.8,0],[-3.867,2.467],[-2.134,4.467],[0,5.867],[3.666,4.634]],"o":[[-6,0],[-0.467,-1.933],[-0.867,-0.933],[-1.867,0],[-2.1,0.6],[1.333,1.734],[0.433,2.434],[0,0],[0,0],[0,0],[4.066,1.133],[5.066,0],[3.866,-2.466],[2.133,-4.466],[0,-9],[-3.667,-4.633]],"v":[[35.3,-56],[20.3,-49.7],[18.3,-54],[14.9,-55.4],[8.95,-54.5],[3,-52],[5.65,-45.75],[6.3,-34],[6.3,22.8],[21.1,22.8],[21.1,-0.7],[31.4,1],[44.8,-2.7],[53.8,-13.1],[57,-28.6],[51.5,-49.05]],"c":true},"ix":2},"nm":"p","mn":"ADBE Vector Shape - Group","hd":false},{"ind":1,"ty":"sh","ix":2,"ks":{"a":0,"k":{"i":[[4.133,0],[2.733,1.2],[0,0],[0,0],[-2,1],[-2.134,0],[-1.6,-2.9],[0,-6.2],[2.166,-3.4]],"o":[[-2.734,0],[0,0],[0,0],[1.133,-1.466],[2,-1],[3.466,0],[1.6,2.9],[0,6.534],[-2.167,3.4]],"v":[[29.3,-8.6],[21.1,-10.4],[21.1,-40.1],[21.1,-41.4],[25.8,-45.1],[32,-46.6],[39.6,-42.25],[42,-28.6],[38.75,-13.7]],"c":true},"ix":2},"nm":"p","mn":"ADBE Vector Shape - Group","hd":false}],"nm":"p","np":5,"cix":2,"bm":0,"ix":1,"mn":"ADBE Vector Group","hd":false}]},"fFamily":"Krub"},{"ch":"e","size":5,"style":"Bold","w":58,"data":{"shapes":[{"ty":"gr","it":[{"ind":0,"ty":"sh","ix":1,"ks":{"a":0,"k":{"i":[[0,0.934],[4.2,4.334],[7.666,0],[4.033,-2.3],[2.166,-4.266],[0,-5.8],[-4.8,-5.1],[-8.4,0],[-4.334,9.334],[1.633,0.767],[1.133,0],[0.333,-0.533],[1.1,-1.033],[1.033,-0.4],[1.533,0],[2.1,2.8],[0.333,5.067],[0,0]],"o":[[0,-7.933],[-4.2,-4.333],[-5.534,0],[-4.034,2.3],[-2.167,4.267],[0,8.867],[4.8,5.1],[10.933,0],[-1.867,-1.4],[-1.634,-0.766],[-1.067,0],[-1.8,2.334],[-1.1,1.034],[-1.034,0.4],[-3.4,0],[-2.1,-2.8],[0,0],[0.333,-3.266]],"v":[[55,-31.1],[48.7,-49.5],[30.9,-56],[16.55,-52.55],[7.25,-42.7],[4,-27.6],[11.2,-6.65],[31,1],[53.9,-13],[48.65,-16.25],[44.5,-17.4],[42.4,-16.6],[38.05,-11.55],[34.85,-9.4],[31,-8.8],[22.75,-13],[19.1,-24.8],[54.5,-24.8]],"c":true},"ix":2},"nm":"e","mn":"ADBE Vector Shape - Group","hd":false},{"ind":1,"ty":"sh","ix":2,"ks":{"a":0,"k":{"i":[[0,0],[-1.934,2.267],[-3.2,0],[0,-8.933]],"o":[[0.466,-4.4],[1.933,-2.266],[6.266,0],[0,0]],"v":[[19.3,-33.2],[22.9,-43.2],[30.6,-46.6],[40,-33.2]],"c":true},"ix":2},"nm":"e","mn":"ADBE Vector Shape - Group","hd":false}],"nm":"e","np":5,"cix":2,"bm":0,"ix":1,"mn":"ADBE Vector Group","hd":false}]},"fFamily":"Krub"},{"ch":"J","size":5,"style":"Bold","w":44.7,"data":{"shapes":[{"ty":"gr","it":[{"ind":0,"ty":"sh","ix":1,"ks":{"a":0,"k":{"i":[[-2.8,0],[-3.334,1.733],[-1.867,3.067],[0,3.934],[0,0],[0,0],[0,0],[1.433,-1.6],[2.733,0],[2.4,0.6],[0.7,0.134],[0.533,0],[0.666,-1.366],[0,-3.733],[-3.134,-0.566]],"o":[[4.266,0],[3.333,-1.733],[1.866,-3.066],[0,0],[0,0],[0,0],[0,3],[-1.434,1.6],[-1.867,0],[-0.334,-0.066],[-0.7,-0.133],[-1.134,0],[-0.667,1.367],[1.133,0.667],[3.133,0.566]],"v":[[16.7,1],[28.1,-1.6],[35.9,-8.8],[38.7,-19.3],[38.7,-70],[23.3,-70],[23.3,-19.3],[21.15,-12.4],[14.9,-10],[8.5,-10.9],[6.95,-11.2],[5.1,-11.4],[2.4,-9.35],[1.4,-1.7],[7.8,0.15]],"c":true},"ix":2},"nm":"J","mn":"ADBE Vector Shape - Group","hd":false}],"nm":"J","np":3,"cix":2,"bm":0,"ix":1,"mn":"ADBE Vector Group","hd":false}]},"fFamily":"Krub"},{"ch":"u","size":5,"style":"Bold","w":63,"data":{"shapes":[{"ty":"gr","it":[{"ind":0,"ty":"sh","ix":1,"ks":{"a":0,"k":{"i":[[0,3.067],[0,0],[0,0],[0,0],[4.733,0],[1.1,1.5],[0,3.534],[0,0],[0,0],[0,0],[-3.067,-3.166],[-5.8,0],[-2.767,1.133],[-1.934,2.134],[-0.934,-0.933],[-1.934,0],[-1.867,0.4],[-1.334,0.667],[0.233,1.734]],"o":[[0,0],[0,0],[0,0],[-3.067,4.8],[-2.667,0],[-1.1,-1.5],[0,0],[0,0],[0,0],[0,6],[3.066,3.167],[3.266,0],[2.766,-1.133],[0.266,2.2],[0.933,0.933],[1.666,0],[1.866,-0.4],[-0.534,-1.2],[-0.234,-1.733]],"v":[[55.7,-13.3],[55.7,-55],[40.8,-55],[40.8,-15.6],[29.1,-8.4],[23.45,-10.65],[21.8,-18.2],[21.8,-55],[7,-55],[7,-17.5],[11.6,-3.75],[24.9,1],[33.95,-0.7],[41,-5.6],[42.8,-0.9],[47.1,0.5],[52.4,-0.1],[57.2,-1.7],[56.05,-6.1]],"c":true},"ix":2},"nm":"u","mn":"ADBE Vector Shape - Group","hd":false}],"nm":"u","np":3,"cix":2,"bm":0,"ix":1,"mn":"ADBE Vector Group","hd":false}]},"fFamily":"Krub"},{"ch":"l","size":5,"style":"Bold","w":26.8,"data":{"shapes":[{"ty":"gr","it":[{"ind":0,"ty":"sh","ix":1,"ks":{"a":0,"k":{"i":[[0,0],[0,0],[0,0],[0,0]],"o":[[0,0],[0,0],[0,0],[0,0]],"v":[[6,0],[20.8,0],[20.8,-79.1],[6,-79.1]],"c":true},"ix":2},"nm":"l","mn":"ADBE Vector Shape - Group","hd":false}],"nm":"l","np":3,"cix":2,"bm":0,"ix":1,"mn":"ADBE Vector Group","hd":false}]},"fFamily":"Krub"},{"ch":" ","size":5,"style":"Bold","w":25.8,"data":{},"fFamily":"Krub"},{"ch":"D","size":5,"style":"Bold","w":68.2,"data":{"shapes":[{"ty":"gr","it":[{"ind":0,"ty":"sh","ix":1,"ks":{"a":0,"k":{"i":[[7.066,0],[0,0],[0,0],[0,0],[-5.134,2.867],[-2.834,5.3],[0,7],[2.733,5.234],[5.133,2.8]],"o":[[0,0],[0,0],[0,0],[6.866,0],[5.133,-2.866],[2.833,-5.3],[0,-7.266],[-2.734,-5.233],[-5.134,-2.8]],"v":[[30.3,-70],[6.6,-70],[6.6,0],[30.3,0],[48.3,-4.3],[60.25,-16.55],[64.5,-35],[60.4,-53.75],[48.6,-65.8]],"c":true},"ix":2},"nm":"D","mn":"ADBE Vector Shape - Group","hd":false},{"ind":1,"ty":"sh","ix":2,"ks":{"a":0,"k":{"i":[[6.666,0],[0,0],[0,0],[0,0],[0,-16.333],[3.6,-4.233]],"o":[[0,0],[0,0],[0,0],[13.866,0],[0,7.734],[-3.6,4.234]],"v":[[28.3,-10.6],[22,-10.6],[22,-59.4],[28.3,-59.4],[49.1,-34.9],[43.7,-16.95]],"c":true},"ix":2},"nm":"D","mn":"ADBE Vector Shape - Group","hd":false}],"nm":"D","np":5,"cix":2,"bm":0,"ix":1,"mn":"ADBE Vector Group","hd":false}]},"fFamily":"Krub"},{"ch":"o","size":5,"style":"Bold","w":56.8,"data":{"shapes":[{"ty":"gr","it":[{"ind":0,"ty":"sh","ix":1,"ks":{"a":0,"k":{"i":[[-8.067,0],[-4.434,5],[0,9.067],[4.433,4.934],[8.066,0],[4.433,-4.933],[0,-9.066],[-4.434,-5]],"o":[[8.066,0],[4.433,-5],[0,-9.066],[-4.434,-4.933],[-8.067,0],[-4.434,4.934],[0,9.067],[4.433,5]],"v":[[28.4,1],[47.15,-6.5],[53.8,-27.6],[47.15,-48.6],[28.4,-56],[9.65,-48.6],[3,-27.6],[9.65,-6.5]],"c":true},"ix":2},"nm":"o","mn":"ADBE Vector Shape - Group","hd":false},{"ind":1,"ty":"sh","ix":2,"ks":{"a":0,"k":{"i":[[3.666,0],[1.633,3],[0,6.667],[-1.634,2.934],[-3.667,0],[-1.634,-2.966],[0,-6.6],[1.633,-3]],"o":[[-3.667,0],[-1.634,-3],[0,-6.666],[1.633,-2.933],[3.666,0],[1.633,2.967],[0,6.667],[-1.634,3]],"v":[[28.4,-8.6],[20.45,-13.1],[18,-27.6],[20.45,-42],[28.4,-46.4],[36.35,-41.95],[38.8,-27.6],[36.35,-13.1]],"c":true},"ix":2},"nm":"o","mn":"ADBE Vector Shape - Group","hd":false}],"nm":"o","np":5,"cix":2,"bm":0,"ix":1,"mn":"ADBE Vector Group","hd":false}]},"fFamily":"Krub"},{"ch":"0","size":5,"style":"Bold","w":62,"data":{"shapes":[{"ty":"gr","it":[{"ind":0,"ty":"sh","ix":1,"ks":{"a":0,"k":{"i":[[-9.4,0],[-4.634,6.034],[0,11.267],[4.633,6.434],[9.4,0],[4.633,-6.433],[0,-11.933],[-4.634,-6.033]],"o":[[9.4,0],[4.633,-6.033],[0,-11.933],[-4.634,-6.433],[-9.4,0],[-4.634,6.434],[0,11.267],[4.633,6.034]],"v":[[31,1.2],[52.05,-7.85],[59,-33.8],[52.05,-61.35],[31,-71],[9.95,-61.35],[3,-33.8],[9.95,-7.85]],"c":true},"ix":2},"nm":"0","mn":"ADBE Vector Shape - Group","hd":false},{"ind":1,"ty":"sh","ix":2,"ks":{"a":0,"k":{"i":[[5,0],[1.866,4.267],[0,8],[-1.834,4.6],[-5.134,0],[-1.9,-4.633],[0,-8.733],[1.9,-4.3]],"o":[[-5.067,0],[-1.867,-4.266],[0,-8.8],[1.833,-4.6],[5,0],[1.9,4.634],[0,7.934],[-1.9,4.3]],"v":[[31,-9],[20.6,-15.4],[17.8,-33.8],[20.55,-53.9],[31,-60.8],[41.35,-53.85],[44.2,-33.8],[41.35,-15.45]],"c":true},"ix":2},"nm":"0","mn":"ADBE Vector Shape - Group","hd":false}],"nm":"0","np":5,"cix":2,"bm":0,"ix":1,"mn":"ADBE Vector Group","hd":false}]},"fFamily":"Krub"},{"ch":"1","size":5,"style":"Bold","w":45.9,"data":{"shapes":[{"ty":"gr","it":[{"ind":0,"ty":"sh","ix":1,"ks":{"a":0,"k":{"i":[[0,0],[0,0],[0,0],[4.2,-1.566],[3.133,-0.333],[0,-1.333],[-1.367,-1.133],[-2.067,0],[-2.8,2],[0,0],[0,0],[0,0],[0,0],[0,0]],"o":[[0,0],[0,0],[-2.467,2.4],[-4.2,1.567],[-0.334,1.267],[0,2.467],[1.366,1.134],[2.733,0],[0,0],[0,0],[0,0],[0,0],[0,0],[0,0]],"v":[[30.5,-9.5],[30.5,-70],[22,-70],[12,-64.05],[1,-61.2],[0.5,-57.3],[2.55,-51.9],[7.7,-50.2],[16,-53.2],[16,-9.5],[3.8,-9.5],[3.8,0],[42.2,0],[42.2,-9.5]],"c":true},"ix":2},"nm":"1","mn":"ADBE Vector Shape - Group","hd":false}],"nm":"1","np":3,"cix":2,"bm":0,"ix":1,"mn":"ADBE Vector Group","hd":false}]},"fFamily":"Krub"},{"ch":"2","size":5,"style":"Bold","w":53.7,"data":{"shapes":[{"ty":"gr","it":[{"ind":0,"ty":"sh","ix":1,"ks":{"a":0,"k":{"i":[[0,6.734],[4.466,3.834],[7.4,0],[3.633,-1.5],[2.033,-2.366],[0,-2.333],[-1.834,-1.533],[-4.4,0],[-2.034,2.6],[-3.4,0],[-1.734,-2.1],[0,-3.333],[1.866,-3.666],[4.366,-4.266],[8.8,-7.2],[0,0],[0,0],[0,0],[0,0],[-4.567,5.9]],"o":[[0,-7.066],[-4.467,-3.833],[-4.534,0],[-3.634,1.5],[-2.034,2.367],[0,3.334],[1.833,1.534],[0.333,-4.733],[2.033,-2.6],[3.2,0],[1.733,2.1],[0,4.467],[-1.867,3.667],[-4.367,4.267],[0,0],[0,0],[0,0],[0,0],[9.733,-6.8],[4.566,-5.9]],"v":[[51.6,-47.9],[44.9,-64.25],[27.1,-70],[14.85,-67.75],[6.35,-61.95],[3.3,-54.9],[6.05,-47.6],[15.4,-45.3],[18.95,-56.3],[27.1,-60.2],[34.5,-57.05],[37.1,-48.9],[34.3,-36.7],[24.95,-24.8],[5.2,-7.6],[5.2,0],[50.1,0],[50.1,-9.9],[23.3,-9.9],[44.75,-28.95]],"c":true},"ix":2},"nm":"2","mn":"ADBE Vector Shape - Group","hd":false}],"nm":"2","np":3,"cix":2,"bm":0,"ix":1,"mn":"ADBE Vector Group","hd":false}]},"fFamily":"Krub"},{"ch":"3","size":5,"style":"Bold","w":54.9,"data":{"shapes":[{"ty":"gr","it":[{"ind":0,"ty":"sh","ix":1,"ks":{"a":0,"k":{"i":[[3.866,0.734],[-2.1,2.634],[0,4],[4.1,3.1],[7.466,0],[3.433,-1.366],[1.8,-2],[0,-1.866],[-1.834,-1.366],[-3.534,0],[-1.8,1.9],[-3.2,0],[-1.467,-1.666],[0,-2.6],[1.7,-1.733],[3.466,0],[0,0],[0,-1.933],[-0.9,-1.5],[-1.4,0],[-1.467,0.134],[0,0],[-1.667,-1.866],[0,-3.733],[1.966,-1.933],[3.866,0],[2.5,1.6],[1.933,3.267],[1.733,-1.4],[0,-2.266],[-4.367,-2.066],[-7.267,0],[-4,1.733],[-2.134,3.134],[0,4.134],[2.533,2.367]],"o":[[3.266,-1.266],[2.1,-2.633],[0,-5.933],[-4.1,-3.1],[-4.667,0],[-3.434,1.367],[-1.8,2],[0,2.334],[1.833,1.367],[1,-3.333],[1.8,-1.9],[3.2,0],[1.466,1.667],[0,3.8],[-1.7,1.734],[0,0],[-1.134,0],[0,1.534],[0.9,1.5],[0.866,0],[0,0],[3.066,0],[1.666,1.867],[0,3.267],[-1.967,1.934],[-4,0],[-2.5,-1.6],[-1.8,0],[-1.734,1.4],[0,3.934],[4.366,2.067],[5.4,0],[4,-1.733],[2.133,-3.133],[0,-5.266],[-2.534,-2.366]],"v":[[38,-36],[46.05,-41.85],[49.2,-51.8],[43.05,-65.35],[25.7,-70],[13.55,-67.95],[5.7,-62.9],[3,-57.1],[5.75,-51.55],[13.8,-49.5],[18,-57.35],[25.5,-60.2],[32.5,-57.7],[34.7,-51.3],[32.15,-43],[24.4,-40.4],[17.5,-40.4],[15.8,-37.5],[17.15,-32.95],[20.6,-30.7],[24.1,-30.9],[27.3,-31],[34.4,-28.2],[36.9,-19.8],[33.95,-12],[25.2,-9.1],[15.45,-11.5],[8.8,-18.8],[3.5,-16.7],[0.9,-11.2],[7.45,-2.2],[24.9,0.9],[39,-1.7],[48.2,-9],[51.4,-19.9],[47.6,-31.35]],"c":true},"ix":2},"nm":"3","mn":"ADBE Vector Shape - Group","hd":false}],"nm":"3","np":3,"cix":2,"bm":0,"ix":1,"mn":"ADBE Vector Group","hd":false}]},"fFamily":"Krub"}]}